Report generated on: 03-15-2026 21:08:23,,,,,,,,,,,,,,,,,,,,,,,,,,,,,,,,,,,,,,,,,,,,,,
API,,1980,1981,1982,1983,1984,1985,1986,1987,1988,1989,1990,1991,1992,1993,1994,1995,1996,1997,1998,1999,2000,2001,2002,2003,2004,2005,2006,2007,2008,2009,2010,2011,2012,2013,2014,2015,2016,2017,2018,2019,2020,2021,2022,2023,2024
,dry natural gas exports (MMTOE),,,,,,,,,,,,,,,,,,,,,,,,,,,,,,,,,,,,,,,,,,,,,
INTL.26-4-WORL-MTOE.A,    World,NA,NA,NA,NA,NA,NA,NA,NA,NA,NA,286.1845141,296.2514341,463.7596182,462.0987773,445.4446243,464.8905841,498.7683741,500.5869992,513.2955387,557.2784329,598.4462024,621.8532099,643.5589135,692.890693,754.344979,808.00759,848.9558089,867.4766866,905.8673736,841.5734221,907.4600761,941.2304441,939.3255971,959.7826076,926.200535,958.0145031,1009.280802,1104.144904,1107.714607,1156.695694,1126.720979,1199.385101,1190.249845,1148.8558,1157.358894
INTL.26-4-AFG-MTOE.A,        Afghanistan,NA,NA,NA,NA,NA,NA,NA,NA,NA,NA,0.955366329,0,0,0,0,0,0,0,0,0,0,0,0,0,0,0,0,0,0,0,0,0,0,0,0,0,0,0,0,0,0,0,0,0,0
INTL.26-4-ALB-MTOE.A,        Albania,NA,NA,NA,NA,NA,NA,NA,NA,NA,NA,0,0,0,0,0,0,0,0,0,0,0,0,0,0,0,0,0,0,0,0,0,0,0,0,0,0,0,0,0,0,0,0,0,0,0
INTL.26-4-DZA-MTOE.A,        Algeria,NA,NA,NA,NA,NA,NA,NA,NA,NA,NA,32.20354628,34.43370877,36.89033384,37.07936539,33.19403578,38.9484497,40.66934898,48.88345424,53.05569818,60.29694848,62.86448321,58.65212154,59.01318111,60.35712507,61.04915592,65.46210624,61.78130449,55.16538531,55.60013051,50.95013139,52.7270318,47.15095208,47.83142283,44.13608864,41.76389201,41.03522126,50.91897487,50.91897486,48.48347642,40.33189023,36.71885385,51.44969683,45.88573467,48.93230513,46.28416318
INTL.26-4-ASM-MTOE.A,        American Samoa,NA,NA,NA,NA,NA,NA,NA,NA,NA,NA,0,0,0,0,0,0,0,0,0,0,0,0,0,0,0,0,0,0,0,0,0,0,0,0,0,0,0,0,0,0,0,0,0,0,0
INTL.26-4-AGO-MTOE.A,        Angola,NA,NA,NA,NA,NA,NA,NA,NA,NA,NA,0,0,0,0,0,0,0,0,0,0,0,0,0,0,0,0,0,0,0,0,0,0,0,0.481714446,0.465874706,0,0.847884762,4.599491862,4.942599118,5.100242993,5.795432113,4.435089527,3.913314288,4.351232792,4.322221157
INTL.26-4-ATA-MTOE.A,        Antarctica,NA,NA,NA,NA,NA,NA,NA,NA,NA,NA,0,0,0,0,0,0,0,0,0,0,0,0,0,0,0,0,0,0,0,0,0,0,0,0,0,0,0,0,0,0,0,0,0,0,0
INTL.26-4-ATG-MTOE.A,        Antigua and Barbuda,NA,NA,NA,NA,NA,NA,NA,NA,NA,NA,0,0,0,0,0,0,0,0,0,0,0,0,0,0,0,0,0,0,0,0,0,0,0,0,0,0,0,0,0,0,0,0,0,0,0
INTL.26-4-ARG-MTOE.A,        Argentina,NA,NA,NA,NA,NA,NA,NA,NA,NA,NA,0,0,0,0,0,0,0,0.623079609,1.153162262,3.171196221,3.905872179,5.505419833,5.431022267,6.007603398,7.22586353,6.444689095,5.710013137,2.408621177,0.883471088,0.818373218,0.390587218,0.185993913,0.092996957,0.080907352,0.06509787,0.074397565,0.072537642,0.07160768,0.250823366,0.642831447,1.264331115,0.8148276,2.306733672,2.179526193,2.309371582
INTL.26-4-ARM-MTOE.A,        Armenia,--,--,--,--,--,--,--,--,--,--,--,--,0,0,0,0,0,0,0,0,0,0,0,0,0,0,0,0,0,0,0,0,0,0,0,0,0,0,0,0,0,0,0,0,0
INTL.26-4-ABW-MTOE.A,        Aruba,--,--,--,--,--,--,NA,NA,NA,NA,0,0,0,0,0,0,0,0,0,0,0,0,0,0,0,0,0,0,0,0,0,0,0,0,0,0,0,0,0,0,0,0,0,0,0
INTL.26-4-AUS-MTOE.A,        Australia,NA,NA,NA,NA,NA,NA,NA,NA,NA,NA,2.680967782,4.567977559,5.46753225,6.352751648,7.372622517,8.799519764,9.393900245,9.196093494,9.381417295,9.715576273,9.844246685,9.356451394,9.44287182,10.26801735,10.39239211,13.99483346,15.35989351,18.30043058,17.46483735,19.67587337,22.80671263,25.47522378,24.08324276,30.00221263,29.67463247,31.97332533,47.04161303,69.62597664,85.059114,94.25388243,95.48110254,99.3794967,99.56057735,98.68988907,99.40295276
INTL.26-4-AUT-MTOE.A,        Austria,NA,NA,NA,NA,NA,NA,NA,NA,NA,NA,0,0,0,0,0,0.014464305,0,0,0,0,0.016098708,0.367587157,0.477594992,0.920309452,1.352670547,0.974572509,2.454203034,2.514233682,1.805578184,2.61831463,4.528291816,3.317186026,5.817003655,3.618934745,2.307945129,4.934772276,6.329268543,4.969411278,0,0,0,0,0,0,0
INTL.26-4-AZE-MTOE.A,        Azerbaijan,--,--,--,--,--,--,--,--,--,--,--,--,0,0,0,0,0,0,0,0,0,0,0,0,0,0,0,1.192639248,5.012811839,5.413464086,5.078034297,5.860703804,5.674353921,7.155835487,7.239692934,6.820405699,6.730958515,7.483805645,8.462032251,10.79549987,12.57851021,17.6099143,20.87100954,22.03568641,23.36938585
INTL.26-4-BHR-MTOE.A,        Bahrain,NA,NA,NA,NA,NA,NA,NA,NA,NA,NA,0,0,0,0,0,0,0,0,0,0,0,0,0,0,0,0,0,0,0,0,0,0,0,0,0,0,0,0,0,0,0,0,0,0,0
INTL.26-4-BGD-MTOE.A,        Bangladesh,NA,NA,NA,NA,NA,NA,NA,NA,NA,NA,0,0,0,0,0,0,0,0,0,0,0,0,0,0,0,0,0,0,0,0,0,0,0,0,0,0,0,0,0,0,0,0,0,0,0
INTL.26-4-BRB-MTOE.A,        Barbados,NA,NA,NA,NA,NA,NA,NA,NA,NA,NA,0,0,0,0,0,0,0,0,0,0,0,0,0,0,0,0,0,0,0,0,0,0,0,0,0,0,0,0,0,0,0,0,0,0,0
INTL.26-4-BLR-MTOE.A,        Belarus,--,--,--,--,--,--,--,--,--,--,--,--,0,0,0,0,0,0,0,0,0,0,0,0,0,0,0,0,0,0,0,0,0,0,0,0,0,0,0,0,0,0,0,0,0
INTL.26-4-BEL-MTOE.A,        Belgium,NA,NA,NA,NA,NA,NA,NA,NA,NA,NA,0,0,0,0,0,0,0,0,0,0,0,0,0,0,0,0,0,0,0.675965185,3.40686453,3.055362634,3.756060196,1.204362543,0.879877949,0.807099351,1.610091408,0.637839949,0.693829813,1.647473617,4.486872636,3.607670495,3.057466636,8.298111772,7.925558482,4.952499286
INTL.26-4-BLZ-MTOE.A,        Belize,NA,NA,NA,NA,NA,NA,NA,NA,NA,NA,0,0,0,0,0,0,0,0,0,0,0,0,0,0,0,0,0,0,0,0,0,0,0,0,0,0,0,0,0,0,0,0,0,0,0
INTL.26-4-BEN-MTOE.A,        Benin,NA,NA,NA,NA,NA,NA,NA,NA,NA,NA,0,0,0,0,0,0,0,0,0,0,0,0,0,0,0,0,0,0,0,0,0,0,0,0,0,0,0,0,0,0,0,0,0,0,0
INTL.26-4-BMU-MTOE.A,        Bermuda,NA,NA,NA,NA,NA,NA,NA,NA,NA,NA,0,0,0,0,0,0,0,0,0,0,0,0,0,0,0,0,0,0,0,0,0,0,0,0,0,0,0,0,0,0,0,0,0,0,0
INTL.26-4-BTN-MTOE.A,        Bhutan,NA,NA,NA,NA,NA,NA,NA,NA,NA,NA,0,0,0,0,0,0,0,0,0,0,0,0,0,0,0,0,0,0,0,0,0,0,0,0,0,0,0,0,0,0,0,0,0,0,0
INTL.26-4-BOL-MTOE.A,        Bolivia,NA,NA,NA,NA,NA,NA,NA,NA,NA,NA,2.192363121,1.965566936,1.965566936,1.842089013,1.761954361,1.825384718,1.897137915,1.701844306,2.008734263,1.460052219,1.915737307,3.589682526,4.445254527,4.63124844,7.35605927,9.522888359,10.04367132,10.76904758,10.96434119,9.104402054,10.83414545,12.38719462,13.68915202,15.91177928,16.55531822,16.36746437,15.02738961,14.38106625,13.05610617,11.13449503,11.37816657,11.36313002,9.399922077,7.268926341,5.798285367
INTL.26-4-BIH-MTOE.A,        Bosnia and Herzegovina,--,--,--,--,--,--,--,--,--,--,--,--,0,0,0,0,0,0,0,0,0,0,0,0,0,0,0,0,0,0,0,0,0,0,0,0,0,0,0,0,0,0,0,0,0
INTL.26-4-BWA-MTOE.A,        Botswana,NA,NA,NA,NA,NA,NA,NA,NA,NA,NA,0,0,0,0,0,0,0,0,0,0,0,0,0,0,0,0,0,0,0,0,0,0,0,0,0,0,0,0,0,0,0,0,0,0,0
INTL.26-4-BRA-MTOE.A,        Brazil,NA,NA,NA,NA,NA,NA,NA,NA,NA,NA,0,0,0,0,0,0,0,0,0,0,0,0,0,0,0,0,0,0,0,0,0,0.047284259,0.294039996,0.035196107,0.085176828,0.001760777,0.48722407,0.124446134,0.074134854,0,0,0.076846,0.001166558,0.095285296,0
INTL.26-4-VGB-MTOE.A,        British Virgin Islands,NA,NA,NA,NA,NA,NA,NA,NA,NA,NA,0,0,0,0,0,0,0,0,0,0,0,0,0,0,0,0,0,0,0,0,0,0,0,0,0,0,0,0,0,0,0,0,0,0,0
INTL.26-4-BRN-MTOE.A,        Brunei,NA,NA,NA,NA,NA,NA,NA,NA,NA,NA,8.198732483,7.182836772,7.299158016,7.671474689,7.928165139,8.606027184,8.657367019,8.523860766,7.603075205,7.836012558,8.190077335,8.385744711,8.553459606,9.010016818,8.851619418,8.525507123,9.140461735,8.935562297,8.670342096,8.302794986,8.20377325,8.75193024,8.250227232,8.584695904,7.265402811,7.915758561,7.455868044,8.316653985,7.763051269,8.069005093,7.719942044,6.961959017,6.126933038,5.811184223,5.974034962
INTL.26-4-BGR-MTOE.A,        Bulgaria,NA,NA,NA,NA,NA,NA,NA,NA,NA,NA,0,0,0,0,0,0,0,0,0,0,0,0,0,0,0,0,0,0,0,0,0,0,0,0,0,0,0.002744499,0.029274659,0.011484879,0.007022573,0.003534437,0,0,0,0
INTL.26-4-BFA-MTOE.A,        Burkina Faso,NA,NA,NA,NA,NA,NA,NA,NA,NA,NA,0,0,0,0,0,0,0,0,0,0,0,0,0,0,0,0,0,0,0,0,0,0,0,0,0,0,0,0,0,0,0,0,0,0,0
INTL.26-4-MMR-MTOE.A,        Burma,NA,NA,NA,NA,NA,NA,NA,NA,NA,NA,0,0,0,0,0,0,0,0,0,0.071603207,1.233166343,4.009779592,5.815469016,6.650270214,7.062980918,8.31049282,8.423050285,8.817001412,8.019719369,7.775844862,8.263593876,8.038478947,7.944681059,8.151036411,10.97435282,13.04728613,13.86238285,13.21049307,12.29717444,13.3083478,12.42139801,12.39954835,10.41401716,9.206728494,8.586485583
INTL.26-4-BDI-MTOE.A,        Burundi,NA,NA,NA,NA,NA,NA,NA,NA,NA,NA,0,0,0,0,0,0,0,0,0,0,0,0,0,0,0,0,0,0,0,0,0,0,0,0,0,0,0,0,0,0,0,0,0,0,0
INTL.26-4-CPV-MTOE.A,        Cabo Verde,NA,NA,NA,NA,NA,NA,NA,NA,NA,NA,0,0,0,0,0,0,0,0,0,0,0,0,0,0,0,0,0,0,0,0,0,0,0,0,0,0,0,0,0,0,0,0,0,0,0
INTL.26-4-KHM-MTOE.A,        Cambodia,NA,NA,NA,NA,NA,NA,NA,NA,NA,NA,0,0,0,0,0,0,0,0,0,0,0,0,0,0,0,0,0,0,0,0,0,0,0,0,0,0,0,0,0,0,0,0,0,0,0
INTL.26-4-CMR-MTOE.A,        Cameroon,NA,NA,NA,NA,NA,NA,NA,NA,NA,NA,0,0,0,0,0,0,0,0,0,0,0,0,0,0,0,0,0,0,0,0,0,0,0,0,0,0,0,0,0.789761454,1.503930511,1.408669735,1.552953224,1.875152915,1.808972118,1.762415803
INTL.26-4-CAN-MTOE.A,        Canada,NA,NA,NA,NA,NA,NA,NA,NA,NA,NA,36.71773383,43.07262744,52.39971404,57.03363523,65.76726488,71.9165355,72.79522062,74.46545308,81.24983025,86.59641662,91.90317003,98.44442468,97.980579,92.5580021,96.01604276,97.1264816,93.31622008,99.57494018,95.03536182,84.63118179,87.94148784,85.38875717,81.69034786,76.50349841,72.62686928,73.33809203,77.44019637,78.67485372,74.58956757,71.31420031,66.35045057,73.90101707,79.59234112,77.32458001,83.01544684
INTL.26-4-CYM-MTOE.A,        Cayman Islands,NA,NA,NA,NA,NA,NA,NA,NA,NA,NA,0,0,0,0,0,0,0,0,0,0,0,0,0,0,0,0,0,0,0,0,0,0,0,0,0,0,0,0,0,0,0,0,0,0,0
INTL.26-4-CAF-MTOE.A,        Central African Republic,NA,NA,NA,NA,NA,NA,NA,NA,NA,NA,0,0,0,0,0,0,0,0,0,0,0,0,0,0,0,0,0,0,0,0,0,0,0,0,0,0,0,0,0,0,0,0,0,0,0
INTL.26-4-TCD-MTOE.A,        Chad,NA,NA,NA,NA,NA,NA,NA,NA,NA,NA,0,0,0,0,0,0,0,0,0,0,0,0,0,0,0,0,0,0,0,0,0,0,0,0,0,0,0,0,0,0,0,0,0,0,0
INTL.26-4-CHL-MTOE.A,        Chile,NA,NA,NA,NA,NA,NA,NA,NA,NA,NA,0,0,0,0,0,0,0,0,0,0,0,0,0,0,0,0,0,0,0,0,0,0,0,0,0,0,0.336199757,0.258687035,0.149009044,0,0,0,0.066121218,0.036429939,0.123943568
INTL.26-4-CHN-MTOE.A,        China,NA,NA,NA,NA,NA,NA,NA,NA,NA,NA,0.395319723,0.426354765,0.478052764,0.504072891,0.544221214,0.582422995,1.927544805,3.044259202,2.837027454,3.131846673,2.50905789,2.532214132,2.406761238,1.787401506,2.347243185,2.855006569,2.788606742,2.501618133,3.124697743,2.982412399,3.738477657,2.971252764,2.687612047,2.55090652,2.430010477,3.063419411,3.144819993,3.134332165,2.98919472,3.186939953,4.495701729,4.911494413,5.069526171,5.522713925,4.974864063
INTL.26-4-COL-MTOE.A,        Colombia,NA,NA,NA,NA,NA,NA,NA,NA,NA,NA,0,0,0,0,0,0,0,0,0,0,0,0,0,0,0,0,0,0.082673849,1.240107742,1.488129291,1.802289919,1.744418224,1.521198831,1.736150839,0.78540157,0.330695398,0,0,0,0,0,0,0,0,0
INTL.26-4-COM-MTOE.A,        Comoros,NA,NA,NA,NA,NA,NA,NA,NA,NA,NA,0,0,0,0,0,0,0,0,0,0,0,0,0,0,0,0,0,0,0,0,0,0,0,0,0,0,0,0,0,0,0,0,0,0,0
INTL.26-4-COG-MTOE.A,        Congo-Brazzaville,NA,NA,NA,NA,NA,NA,NA,NA,NA,NA,0,0,0,0,0,0,0,0,0,0,0,0,0,0,0,0,0,0,0,0,0,0,0,0,0,0,0,0,0,0,0,0,0,0,0.365838009
INTL.26-4-COD-MTOE.A,        Congo-Kinshasa,NA,NA,NA,NA,NA,NA,NA,NA,NA,NA,0,0,0,0,0,0,0,0,0,0,0,0,0,0,0,0,0,0,0,0,0,0,0,0,0,0,0,0,0,0,0,0,0,0,0
INTL.26-4-COK-MTOE.A,        Cook Islands,NA,NA,NA,NA,NA,NA,NA,NA,NA,NA,0,0,0,0,0,0,0,0,0,0,0,0,0,0,0,0,0,0,0,0,0,0,0,0,0,0,0,0,0,0,0,0,0,0,0
INTL.26-4-CRI-MTOE.A,        Costa Rica,NA,NA,NA,NA,NA,NA,NA,NA,NA,NA,0,0,0,0,0,0,0,0,0,0,0,0,0,0,0,0,0,0,0,0,0,0,0,0,0,0,0,0,0,0,0,0,0,0,0
INTL.26-4-CIV-MTOE.A,        Cote d'Ivoire,NA,NA,NA,NA,NA,NA,NA,NA,NA,NA,0,0,0,0,0,0,0,0,0,0,0,0,0,0,0,0,0,0,0,0,0,0,0,0,0,0,0,0,0,0,0,0,0,0,0
INTL.26-4-HRV-MTOE.A,        Croatia,--,--,--,--,--,--,--,--,--,--,--,--,0,0,0,0,0,0,0,0,0,0,0,0,0,0,0,0.279738405,0.26789531,0.309527689,0.163389868,0.141604553,0.092587592,0.34130328,0.393951127,0.333133787,0.330410646,0.1561296,0.102355593,0.040942237,0.031291567,0.098190073,0.947628627,0.971410728,0.817008614
INTL.26-4-CUB-MTOE.A,        Cuba,NA,NA,NA,NA,NA,NA,NA,NA,NA,NA,0,0,0,0,0,0,0,0,0,0,0,0,0,0,0,0,0,0,0,0,0,0,0,0,0,0,0,0,0,0,0,0,0,0,0
INTL.26-4-CYP-MTOE.A,        Cyprus,NA,NA,NA,NA,NA,NA,NA,NA,NA,NA,0,0,0,0,0,0,0,0,0,0,0,0,0,0,0,0,0,0,0,0,0,0,0,0,0,0,0,0,0,0,0,0,0,0,0
INTL.26-4-CZE-MTOE.A,        Czechia,--,--,--,--,--,--,--,--,--,--,--,--,--,0.003482077,0,0.000980768,0.002570988,0.000840087,0.000824959,0,0.000858776,0,0.000832968,0.044206037,0.073849373,0.072390789,0.104612232,0.364188541,0.866614166,0.025117188,0.14551985,0.149547053,0.006325115,0.007262904,0.000909153,0,0,0,0,0,0,0,0,0,0
INTL.26-4-DNK-MTOE.A,        Denmark,NA,NA,NA,NA,NA,NA,NA,NA,NA,NA,1.027487516,1.388496643,1.524013915,1.60365264,1.666925247,1.663005705,1.8953465,2.957596895,2.71034958,2.725211295,3.070590423,3.39193273,3.314322542,2.881545853,4.101121291,5.565631135,5.210469083,4.499132247,5.478238024,3.975010299,3.509101397,3.105986279,2.970684665,2.193076667,2.081415102,2.185573589,2.107802927,2.229444219,1.524987205,1.333510157,1.707788742,1.735407853,2.146339821,8.363576329,8.571627836
INTL.26-4-DJI-MTOE.A,        Djibouti,NA,NA,NA,NA,NA,NA,NA,NA,NA,NA,0,0,0,0,0,0,0,0,0,0,0,0,0,0,0,0,0,0,0,0,0,0,0,0,0,0,0,0,0,0,0,0,0,0,0
INTL.26-4-DMA-MTOE.A,        Dominica,NA,NA,NA,NA,NA,NA,NA,NA,NA,NA,0,0,0,0,0,0,0,0,0,0,0,0,0,0,0,0,0,0,0,0,0,0,0,0,0,0,0,0,0,0,0,0,0,0,0
INTL.26-4-DOM-MTOE.A,        Dominican Republic,NA,NA,NA,NA,NA,NA,NA,NA,NA,NA,0,0,0,0,0,0,0,0,0,0,0,0,0,0,0,0,0,0,0,0,0,0,0,0,0,0,0,0.036139527,0.028675545,0.080687727,0.06398954,0.050347866,0.095403304,0.002053771,0.001146182
INTL.26-4-ECU-MTOE.A,        Ecuador,NA,NA,NA,NA,NA,NA,NA,NA,NA,NA,0,0,0,0,0,0,0,0,0,0,0,0,0,0,0,0,0,0,0,0,0,0,0,0,0,0,0,0,0,0,0,0,0,0,0
INTL.26-4-EGY-MTOE.A,        Egypt,NA,NA,NA,NA,NA,NA,NA,NA,NA,NA,0,0,0,0,0,0,0,0,0,0,0,0,0,0.326112294,1.024924354,7.724202629,15.74656507,14.78593143,15.76520006,17.06964923,14.12532109,9.802003818,7.053343052,4.621477085,0.670859577,0,0.040996626,1.097953419,2.228893356,4.664369736,6.805455734,9.43584829,8.93407699,4.944755685,0.82681905
INTL.26-4-SLV-MTOE.A,        El Salvador,NA,NA,NA,NA,NA,NA,NA,NA,NA,NA,0,0,0,0,0,0,0,0,0,0,0,0,0,0,0,0,0,0,0,0,0,0,0,0,0,0,0,0,0,0,0,0,0,0,0
INTL.26-4-GNQ-MTOE.A,        Equatorial Guinea,NA,NA,NA,NA,NA,NA,NA,NA,NA,NA,0,0,0,0,0,0,0,0,0,0,0,0,0,0,0,0,0,1.331563085,4.146284885,4.397857226,4.807826968,4.901001909,4.463079685,4.742604509,4.463079685,4.668064556,4.308412338,5.760999311,4.380476141,3.652868817,3.151357245,3.41874999,4.572882893,3.712928489,3.730783148
INTL.26-4-ERI-MTOE.A,        Eritrea,--,--,--,--,--,--,--,--,--,--,--,--,--,--,0,0,0,0,0,0,0,0,0,0,0,0,0,0,0,0,0,0,0,0,0,0,0,0,0,0,0,0,0,0,0
INTL.26-4-EST-MTOE.A,        Estonia,--,--,--,--,--,--,--,--,--,--,--,--,0,0,0,0,0,0,0,0,0,0,0,0,0,0,0,0,0,0,0,0,0,0,0,0,0,0,0,0,0.383397279,0.370232189,0.470591401,0.297838571,0.290294911
INTL.26-4-SWZ-MTOE.A,        Eswatini,NA,NA,NA,NA,NA,NA,NA,NA,NA,NA,0,0,0,0,0,0,0,0,0,0,0,0,0,0,0,0,0,0,0,0,0,0,0,0,0,0,0,0,0,0,0,0,0,0,0
INTL.26-4-ETH-MTOE.A,        Ethiopia,NA,NA,NA,NA,NA,NA,NA,NA,NA,NA,0,0,0,0,0,0,0,0,0,0,0,0,0,0,0,0,0,0,0,0,0,0,0,0,0,0,0,0,0,0,0,0,0,0,0
INTL.26-4-FLK-MTOE.A,        Falkland Islands,NA,NA,NA,NA,NA,NA,NA,NA,NA,NA,0,0,0,0,0,0,0,0,0,0,0,0,0,0,0,0,0,0,0,0,0,0,0,0,0,0,0,0,0,0,0,0,0,0,0
INTL.26-4-FRO-MTOE.A,        Faroe Islands,NA,NA,NA,NA,NA,NA,NA,NA,NA,NA,0,0,0,0,0,0,0,0,0,0,0,0,0,0,0,0,0,0,0,0,0,0,0,0,0,0,0,0,0,0,0,0,0,0,0
INTL.26-4-FJI-MTOE.A,        Fiji,NA,NA,NA,NA,NA,NA,NA,NA,NA,NA,0,0,0,0,0,0,0,0,0,0,0,0,0,0,0,0,0,0,0,0,0,0,0,0,0,0,0,0,0,0,0,0,0,0,0
INTL.26-4-FIN-MTOE.A,        Finland,NA,NA,NA,NA,NA,NA,NA,NA,NA,NA,0,0,0,0,0,0,0,0,0,0,0,0,0,0,0,0,0,0,0,0,0,0,0,0,0,0,0,0.003663138,0.014791169,0.064104922,0.166672798,0.223451444,0.097988953,0.439576611,0.62822824
INTL.26-4-CSK-MTOE.A,        Former Czechoslovakia,NA,NA,NA,NA,NA,NA,NA,NA,NA,NA,0.659120112,0.024544387,0,--,--,--,--,--,--,--,--,--,--,--,--,--,--,--,--,--,--,--,--,--,--,--,--,--,--,--,--,--,--,--,--
INTL.26-4-SCG-MTOE.A,        Former Serbia and Montenegro,--,--,--,--,--,--,--,--,--,--,--,--,0,0,0,0,0,0,0,0,0,0,0,0,0,0,--,--,--,--,--,--,--,--,--,--,--,--,--,--,--,--,--,--,--
INTL.26-4-SUN-MTOE.A,        Former U.S.S.R.,NA,NA,NA,NA,NA,NA,NA,NA,NA,NA,101.7385006,95.58138736,--,--,--,--,--,--,--,--,--,--,--,--,--,--,--,--,--,--,--,--,--,--,--,--,--,--,--,--,--,--,--,--,--
INTL.26-4-YUG-MTOE.A,        Former Yugoslavia,NA,NA,NA,NA,NA,NA,NA,NA,NA,NA,0,0,--,--,--,--,--,--,--,--,--,--,--,--,--,--,--,--,--,--,--,--,--,--,--,--,--,--,--,--,--,--,--,--,--
INTL.26-4-FRA-MTOE.A,        France,NA,NA,NA,NA,NA,NA,NA,NA,NA,NA,0.33233201,0.499405199,1.035540796,0.53656147,0.688106285,0.65807181,0.734720454,1.217382668,0.728222236,0.672781811,0.682570964,0.701775503,0.697575066,0.69209314,0.687981696,0.790518628,0.81534748,1.010240624,0.936199028,0.781921971,1.412965381,1.080139669,5.813299883,4.752100952,7.038673444,5.485168372,3.762400839,6.114757916,5.601680962,10.20025922,8.605096188,5.471071374,15.10708886,13.74710965,14.04157187
INTL.26-4-GUF-MTOE.A,        French Guiana,NA,NA,NA,NA,NA,NA,NA,NA,NA,NA,0,0,0,0,0,0,0,0,0,0,0,0,0,0,0,0,0,0,0,0,0,0,ie,ie,ie,ie,ie,ie,ie,ie,ie,ie,ie,ie,ie
INTL.26-4-PYF-MTOE.A,        French Polynesia,NA,NA,NA,NA,NA,NA,NA,NA,NA,NA,0,0,0,0,0,0,0,0,0,0,0,0,0,0,0,0,0,0,0,0,0,0,0,0,0,0,0,0,0,0,0,0,0,0,0
INTL.26-4-GAB-MTOE.A,        Gabon,NA,NA,NA,NA,NA,NA,NA,NA,NA,NA,0,0,0,0,0,0,0,0,0,0,0,0,0,0,0,0,0,0,0,0,0,0,0,0,0,0,0,0,0,0,0,0,0,0,0
INTL.26-4-GMB-MTOE.A,"        Gambia, The",NA,NA,NA,NA,NA,NA,NA,NA,NA,NA,0,0,0,0,0,0,0,0,0,0,0,0,0,0,0,0,0,0,0,0,0,0,0,0,0,0,0,0,0,0,0,0,0,0,0
INTL.26-4-GEO-MTOE.A,        Georgia,--,--,--,--,--,--,--,--,--,--,--,--,0.186270731,0,0,0,0,0,0,0,0,0,0,0,0,0,0,0,0,0,0,0,0,0,0,0,0,0,0,0,0,0,0,0,0
INTL.26-4-DEU-MTOE.A,        Germany,--,--,--,--,--,--,--,--,--,--,--,1.035148187,1.242852921,1.459219253,1.609688327,2.68816604,2.869721446,3.064062837,3.356371405,4.368698898,4.276307089,5.31571494,5.837410069,10.42336143,11.67420609,16.51459445,12.63512718,12.78928321,12.30602741,10.84356083,16.76983081,14.36750543,13.82299059,17.73150143,17.93953375,26.20525495,26.9270308,25.87568391,0,0,0,0,0,0,0
INTL.26-4-DDR-MTOE.A,"        Germany, East",NA,NA,NA,NA,NA,NA,NA,NA,NA,NA,0,--,--,--,--,--,--,--,--,--,--,--,--,--,--,--,--,--,--,--,--,--,--,--,--,--,--,--,--,--,--,--,--,--,--
INTL.26-4-DEUW-MTOE.A,"        Germany, West",NA,NA,NA,NA,NA,NA,NA,NA,NA,NA,1.033603957,--,--,--,--,--,--,--,--,--,--,--,--,--,--,--,--,--,--,--,--,--,--,--,--,--,--,--,--,--,--,--,--,--,--
INTL.26-4-GHA-MTOE.A,        Ghana,NA,NA,NA,NA,NA,NA,NA,NA,NA,NA,0,0,0,0,0,0,0,0,0,0,0,0,0,0,0,0,0,0,0,0,0,0,0,0,0,0,0,0,0,0,0,0,0,0,0
INTL.26-4-GIB-MTOE.A,        Gibraltar,NA,NA,NA,NA,NA,NA,NA,NA,NA,NA,0,0,0,0,0,0,0,0,0,0,0,0,0,0,0,0,0,0,0,0,0,0,0,0,0,0,0,0,0,0,0,0,0,0,0
INTL.26-4-GRC-MTOE.A,        Greece,NA,NA,NA,NA,NA,NA,NA,NA,NA,NA,0,0,0,0,0,0,0,0,0,0,0,0,0,0,0,0,0,0,0,0,0,0,0,0,0,0,0,0,0,0.013882681,0.030764022,6.365947025,9.853566262,10.23432379,9.850699024
INTL.26-4-GRL-MTOE.A,        Greenland,NA,NA,NA,NA,NA,NA,NA,NA,NA,NA,0,0,0,0,0,0,0,0,0,0,0,0,0,0,0,0,0,0,0,0,0,0,0,0,0,0,0,0,0,0,0,0,0,0,0
INTL.26-4-GRD-MTOE.A,        Grenada,NA,NA,NA,NA,NA,NA,NA,NA,NA,NA,0,0,0,0,0,0,0,0,0,0,0,0,0,0,0,0,0,0,0,0,0,0,0,0,0,0,0,0,0,0,0,0,0,0,0
INTL.26-4-GLP-MTOE.A,        Guadeloupe,NA,NA,NA,NA,NA,NA,NA,NA,NA,NA,0,0,0,0,0,0,0,0,0,0,0,0,0,0,0,0,0,0,0,0,0,0,ie,ie,ie,ie,ie,ie,ie,ie,ie,ie,ie,ie,ie
INTL.26-4-GUM-MTOE.A,        Guam,NA,NA,NA,NA,NA,NA,NA,NA,NA,NA,0,0,0,0,0,0,0,0,0,0,0,0,0,0,0,0,0,0,0,0,0,0,0,0,0,0,0,0,0,0,0,0,0,0,0
INTL.26-4-GTM-MTOE.A,        Guatemala,NA,NA,NA,NA,NA,NA,NA,NA,NA,NA,0,0,0,0,0,0,0,0,0,0,0,0,0,0,0,0,0,0,0,0,0,0,0,0,0,0,0,0,0,0,0,0,0,0,0
INTL.26-4-GIN-MTOE.A,        Guinea,NA,NA,NA,NA,NA,NA,NA,NA,NA,NA,0,0,0,0,0,0,0,0,0,0,0,0,0,0,0,0,0,0,0,0,0,0,0,0,0,0,0,0,0,0,0,0,0,0,0
INTL.26-4-GNB-MTOE.A,        Guinea-Bissau,NA,NA,NA,NA,NA,NA,NA,NA,NA,NA,0,0,0,0,0,0,0,0,0,0,0,0,0,0,0,0,0,0,0,0,0,0,0,0,0,0,0,0,0,0,0,0,0,0,0
INTL.26-4-GUY-MTOE.A,        Guyana,NA,NA,NA,NA,NA,NA,NA,NA,NA,NA,0,0,0,0,0,0,0,0,0,0,0,0,0,0,0,0,0,0,0,0,0,0,0,0,0,0,0,0,0,0,0,0,0,0,0
INTL.26-4-HTI-MTOE.A,        Haiti,NA,NA,NA,NA,NA,NA,NA,NA,NA,NA,0,0,0,0,0,0,0,0,0,0,0,0,0,0,0,0,0,0,0,0,0,0,0,0,0,0,0,0,0,0,0,0,0,0,0
INTL.26-4-HITZ-MTOE.A,        Hawaiian Trade Zone,NA,NA,NA,NA,NA,NA,NA,--,--,--,--,--,--,--,--,--,--,--,--,--,--,--,--,--,--,--,--,--,--,--,--,--,--,--,--,--,,,--,--,--,--,,,
INTL.26-4-HND-MTOE.A,        Honduras,NA,NA,NA,NA,NA,NA,NA,NA,NA,NA,0,0,0,0,0,0,0,0,0,0,0,0,0,0,0,0,0,0,0,0,0,0,0,0,0,0,0,0,0,0,0,0,0,0,0
INTL.26-4-HKG-MTOE.A,        Hong Kong,NA,NA,NA,NA,NA,NA,NA,NA,NA,NA,0,0,0,0,0,0,0,0,0,0,0,0,0,0,0,0,0,0,0,0,0,0,0,0,0,0,0,0,0,0,0,0,0,0,0
INTL.26-4-HUN-MTOE.A,        Hungary,NA,NA,NA,NA,NA,NA,NA,NA,NA,NA,0.024569587,0.006808925,0.127329426,0,0,0,0,0,0.001699753,0.004284979,0.068915639,0.003406625,0,0,0,0,0.00427608,0.017884783,0.019403882,0.073625112,0.194368885,0.481770039,0.734253932,1.279912288,0.636029085,0.467828064,0.91590912,0,0,0,0,0,0,0,0
INTL.26-4-ISL-MTOE.A,        Iceland,NA,NA,NA,NA,NA,NA,NA,NA,NA,NA,0,0,0,0,0,0,0,0,0,0,0,0,0,0,0,0,0,0,0,0,0,0,0,0,0,0,0,0,0,0,0,0,0,0,0
INTL.26-4-IND-MTOE.A,        India,NA,NA,NA,NA,NA,NA,NA,NA,NA,NA,0,0,0,0,0,0,0,0,0,0,0,0,0,0,0,0,0,0,0,0,0,0,0,0,0,0.251572341,0.066741829,0.070754962,0.033372297,0.085646138,0,0,0,0,0
INTL.26-4-IDN-MTOE.A,        Indonesia,NA,NA,NA,NA,NA,NA,NA,NA,NA,NA,26.94338677,29.08357454,30.96309198,30.84651206,34.09600421,32.31116359,34.2221681,34.2221681,35.32798646,37.94702994,35.13398324,31.92322994,34.77507728,38.02463122,37.17101705,35.20188437,33.14545023,35.58989081,34.93998002,33.3006528,40.01316424,37.70452591,34.09606601,30.67190917,30.77861094,29.38178775,28.91148936,28.88787108,28.15011127,23.73901281,23.24662015,22.34904561,21.56489585,20.08999092,20.09045504
INTL.26-4-IRN-MTOE.A,        Iran,NA,NA,NA,NA,NA,NA,NA,NA,NA,NA,1.409624774,2.82073975,0,0.469866054,0,0.093935956,0.093975872,0,0,0,0,0.112771046,0.629638342,3.307950693,3.345541042,4.059757669,5.347227115,5.788913713,3.862408338,5.56337162,7.912768419,8.354455018,8.68337057,8.974695773,9.031081296,7.875178071,7.877057572,11.76682731,12.40363692,15.40951951,15.17220062,16.94818827,18.11730958,13.83439812,15.09046097
INTL.26-4-IRQ-MTOE.A,        Iraq,NA,NA,NA,NA,NA,NA,NA,NA,NA,NA,1.873248377,0,0,0,0,0,0,0,0,0,0,0,0,0,0,0,0,0,0,0,0,0,0,0,0,0,0,0,0,0,0,0,0,0,0
INTL.26-4-IRL-MTOE.A,        Ireland,NA,NA,NA,NA,NA,NA,NA,NA,NA,NA,0,0,0,0,0,0,0,0,0,0,0,0,0,0,0,0,0,0,0,0,0,0,0,0,0,0,0,0,0,0,0,0,0,0,0
INTL.26-4-ISR-MTOE.A,        Israel,NA,NA,NA,NA,NA,NA,NA,NA,NA,NA,0,0,0,0,0,0,0,0,0,0,0,0,0,0,0,0,0,0,0,0,0,0,0,0,0,0,0,0.058490935,0.101171816,0.171294617,3.939023875,6.617559519,8.536096101,10.75121766,12.12420836
INTL.26-4-ITA-MTOE.A,        Italy,NA,NA,NA,NA,NA,NA,NA,NA,NA,NA,0.025527171,0.025527171,0.026143269,0.02926074,0.029512988,0.033801199,0.039032024,0.038236433,0.042788389,0.046429954,0.045519563,0.056444258,0.047340346,0.34685907,0.359604548,0.360514939,0.335934375,0.061906606,0.191182165,0.113798907,0.128305035,0.112835634,0.126485106,0.207471972,0.215661655,0.201102218,0.192912605,0.248419986,0.355219818,0.296295523,0.288711419,1.406080451,4.200066294,2.385187877,0.564992581
INTL.26-4-JAM-MTOE.A,        Jamaica,NA,NA,NA,NA,NA,NA,NA,NA,NA,NA,0,0,0,0,0,0,0,0,0,0,0,0,0,0,0,0,0,0,0,0,0,0,0,0,0,0,0,0,0,0,0,0,0,0,0
INTL.26-4-JPN-MTOE.A,        Japan,NA,NA,NA,NA,NA,NA,NA,NA,NA,NA,0,0,0,0,0,0,0,0,0,0,0,0,0,0,0,0,0,0,0,0,0,0,0,0,0,0,0,0.161261406,0.080218876,0.045547633,0.086630529,0.115656529,0.260432144,0,0
INTL.26-4-JOR-MTOE.A,        Jordan,NA,NA,NA,NA,NA,NA,NA,NA,NA,NA,0,0,0,0,0,0,0,0,0,0,0,0,0,0,0,0,0,0,0,0,0,0,0,0,0,0,0.763647144,1.01720186,0.280400299,0,0,0,0,0,0
INTL.26-4-KAZ-MTOE.A,        Kazakhstan,--,--,--,--,--,--,--,--,--,--,--,--,6.801783902,6.335843236,2.236304126,2.236304126,2.236304126,2.049848707,2.143023648,1.863498825,3.167948002,3.820172591,5.963196239,6.335896004,6.522245887,4.640112074,7.453995299,0.635618625,0.794523281,9.405169341,11.81947713,11.42312321,11.20970187,11.58572994,12.05322431,12.49022991,13.26260535,13.00650191,15.53765288,16.35022676,11.5844656,11.13187311,6.837867164,7.185712538,6.555806835
INTL.26-4-KEN-MTOE.A,        Kenya,NA,NA,NA,NA,NA,NA,NA,NA,NA,NA,0,0,0,0,0,0,0,0,0,0,0,0,0,0,0,0,0,0,0,0,0,0,0,0,0,0,0,0,0,0,0,0,0,0,0
INTL.26-4-KIR-MTOE.A,        Kiribati,NA,NA,NA,NA,NA,NA,NA,NA,NA,NA,0,0,0,0,0,0,0,0,0,0,0,0,0,0,0,0,0,0,0,0,0,0,0,0,0,0,0,0,0,0,0,0,0,0,0
INTL.26-4-XKS-MTOE.A,        Kosovo,--,--,--,--,--,--,--,--,--,--,--,--,--,--,--,--,--,--,--,--,--,--,--,--,--,--,--,--,0,0,0,0,0,0,0,0,0,0,0,0,0,0,0,0,0
INTL.26-4-KWT-MTOE.A,        Kuwait,NA,NA,NA,NA,NA,NA,NA,NA,NA,NA,0,0,0,0,0,0,0,0,0,0,0,0,0,0,0,0,0,0,0,0,0,0,0,0,0,0,0,0,0,0,0,0,0,0,0
INTL.26-4-KGZ-MTOE.A,        Kyrgyzstan,--,--,--,--,--,--,--,--,--,--,--,--,0,0,0,0,0,0,0,0,0,0,0,0,0,0,0,0,0,0,0,0,0,0,0,0,0,0,0,0,0,0,0,0,0
INTL.26-4-LAO-MTOE.A,        Laos,NA,NA,NA,NA,NA,NA,NA,NA,NA,NA,0,0,0,0,0,0,0,0,0,0,0,0,0,0,0,0,0,0,0,0,0,0,0,0,0,0,0,0,0,0,0,0,0,0,0
INTL.26-4-LVA-MTOE.A,        Latvia,--,--,--,--,--,--,--,--,--,--,--,--,0,0,0,0,0,0,0,0,0,0,0,0,0,0,0,0,0,0,0,0,0,0,0,0,0,0,0,0,0,0,0,0,0.001355875
INTL.26-4-LBN-MTOE.A,        Lebanon,NA,NA,NA,NA,NA,NA,NA,NA,NA,NA,0,0,0,0,0,0,0,0,0,0,0,0,0,0,0,0,0,0,0,0,0,0,0,0,0,0,0,0,0,0,0,0,0,0,0
INTL.26-4-LSO-MTOE.A,        Lesotho,NA,NA,NA,NA,NA,NA,NA,NA,NA,NA,0,0,0,0,0,0,0,0,0,0,0,0,0,0,0,0,0,0,0,0,0,0,0,0,0,0,0,0,0,0,0,0,0,0,0
INTL.26-4-LBR-MTOE.A,        Liberia,NA,NA,NA,NA,NA,NA,NA,NA,NA,NA,0,0,0,0,0,0,0,0,0,0,0,0,0,0,0,0,0,0,0,0,0,0,0,0,0,0,0,0,0,0,0,0,0,0,0
INTL.26-4-LBY-MTOE.A,        Libya,NA,NA,NA,NA,NA,NA,NA,NA,NA,NA,1.187253299,1.472224755,1.714418919,1.49079906,1.379089389,1.388323774,1.118099295,1.043559342,0.847891965,0.894479436,0.74539953,0.736082036,0.58700213,0.698812059,1.984626248,5.096669286,7.919870005,9.280224147,9.690193889,9.215001688,9.289541641,2.254833578,6.028418698,5.310971651,6.065688675,6.624738322,4.485513604,4.323280547,4.162089268,5.325834398,4.154635336,3.010456777,2.440464066,2.351310245,1.310492507
INTL.26-4-LTU-MTOE.A,        Lithuania,--,--,--,--,--,--,--,--,--,--,--,--,0,0,0,0,0,0,0,0,0,0,0,0,0,0,0,0,0,0,0,0,0,0,0,0,0,0,0,0.367428299,0.46084116,0.480155672,1.842879671,1.735890474,0.948464789
INTL.26-4-LUX-MTOE.A,        Luxembourg,NA,NA,NA,NA,NA,NA,NA,NA,NA,NA,0,0,0,0,0,0,0,0,0,0,0,0,0,0,0,0,0,0,0,0,0,0,0,0,0,0,0,0,0,0,0,0,0,0,0
INTL.26-4-MAC-MTOE.A,        Macau,NA,NA,NA,NA,NA,NA,NA,NA,NA,NA,0,0,0,0,0,0,0,0,0,0,0,0,0,0,0,0,0,0,0,0,0,0,0,0,0,0,0,0,0,0,0,0,0,0,0
INTL.26-4-MDG-MTOE.A,        Madagascar,NA,NA,NA,NA,NA,NA,NA,NA,NA,NA,0,0,0,0,0,0,0,0,0,0,0,0,0,0,0,0,0,0,0,0,0,0,0,0,0,0,0,0,0,0,0,0,0,0,0
INTL.26-4-MWI-MTOE.A,        Malawi,NA,NA,NA,NA,NA,NA,NA,NA,NA,NA,0,0,0,0,0,0,0,0,0,0,0,0,0,0,0,0,0,0,0,0,0,0,0,0,0,0,0,0,0,0,0,0,0,0,0
INTL.26-4-MYS-MTOE.A,        Malaysia,NA,NA,NA,NA,NA,NA,NA,NA,NA,NA,7.991713491,8.864211828,10.08014036,11.21695474,11.70424099,14.1968976,17.71098117,20.34420112,20.04433265,20.40042645,20.70029492,20.99079249,20.11929977,23.0336464,27.053758,27.87839628,27.57852781,29.38710949,28.78737256,28.8435979,29.79005774,30.52098712,30.70840491,33.1260944,32.67629171,32.78874238,32.98740355,35.81645106,31.88836205,33.71504739,31.9586065,32.09896528,36.60139506,35.44623258,36.60143033
INTL.26-4-MDV-MTOE.A,        Maldives,NA,NA,NA,NA,NA,NA,NA,NA,NA,NA,0,0,0,0,0,0,0,0,0,0,0,0,0,0,0,0,0,0,0,0,0,0,0,0,0,0,0,0,0,0,0,0,0,0,0
INTL.26-4-MLI-MTOE.A,        Mali,NA,NA,NA,NA,NA,NA,NA,NA,NA,NA,0,0,0,0,0,0,0,0,0,0,0,0,0,0,0,0,0,0,0,0,0,0,0,0,0,0,0,0,0,0,0,0,0,0,0
INTL.26-4-MLT-MTOE.A,        Malta,NA,NA,NA,NA,NA,NA,NA,NA,NA,NA,0,0,0,0,0,0,0,0,0,0,0,0,0,0,0,0,0,0,0,0,0,0,0,0,0,0,0,0,0,0,0,0,0,0,0
INTL.26-4-MTQ-MTOE.A,        Martinique,NA,NA,NA,NA,NA,NA,NA,NA,NA,NA,0,0,0,0,0,0,0,0,0,0,0,0,0,0,0,0,0,0,0,0,0,0,ie,ie,ie,ie,ie,ie,ie,ie,ie,ie,ie,ie,ie
INTL.26-4-MRT-MTOE.A,        Mauritania,NA,NA,NA,NA,NA,NA,NA,NA,NA,NA,0,0,0,0,0,0,0,0,0,0,0,0,0,0,0,0,0,0,0,0,0,0,0,0,0,0,0,0,0,0,0,0,0,0,0
INTL.26-4-MUS-MTOE.A,        Mauritius,NA,NA,NA,NA,NA,NA,NA,NA,NA,NA,0,0,0,0,0,0,0,0,0,0,0,0,0,0,0,0,0,0,0,0,0,0,0,0,0,0,0,0,0,0,0,0,0,0,0
INTL.26-4-MEX-MTOE.A,        Mexico,NA,NA,NA,NA,NA,NA,NA,NA,NA,NA,0,0,0,0.047415099,0.195763488,0.219492396,0.37877349,0.360760558,0.31436353,1.321284741,0.228432563,0.244719934,0.04288984,0,0,0.225745885,0.31252495,1.308416454,1.216864733,0.791899788,0.854218579,0.079317308,0.009629386,0.04026876,0.048068305,0.028481372,0.023856644,0.035017494,0.086268954,0.04872791,0.044383243,0.044695435,0.027680991,0.025651746,0.195518439
INTL.26-4-FSM-MTOE.A,        Micronesia,,,,,,,,,,,,,,,,,,,,,,,,,,,,,,,,,,,,,,0,0,0,0,0,0,0,0
INTL.26-4-MDA-MTOE.A,        Moldova,--,--,--,--,--,--,--,--,--,--,--,--,0,0,0,0,0,0,0,0,0,0,0,0,0,0,0,0,0,0,0,0,0,0,0,0,0,0,0,0,0,0,0,0,0
INTL.26-4-MNG-MTOE.A,        Mongolia,NA,NA,NA,NA,NA,NA,NA,NA,NA,NA,0,0,0,0,0,0,0,0,0,0,0,0,0,0,0,0,0,0,0,0,0,0,0,0,0,0,0,0,0,0,0,0,0,0,0
INTL.26-4-MNE-MTOE.A,        Montenegro,--,--,--,--,--,--,--,--,--,--,--,--,--,--,--,--,--,--,--,--,--,--,--,--,--,--,0,0,0,0,0,0,0,0,0,0,0,0,0,0,0,0,0,0,0
INTL.26-4-MSR-MTOE.A,        Montserrat,NA,NA,NA,NA,NA,NA,NA,NA,NA,NA,0,0,0,0,0,0,0,0,0,0,0,0,0,0,0,0,0,0,0,0,0,0,0,0,0,0,0,0,0,0,0,0,0,0,0
INTL.26-4-MAR-MTOE.A,        Morocco,NA,NA,NA,NA,NA,NA,NA,NA,NA,NA,0,0,0,0,0,0,0,0,0,0,0,0,0,0,0,0,0,0,0,0,0,0,0,0,0,0,0,0,0,0,0,0,0,0,0
INTL.26-4-MOZ-MTOE.A,        Mozambique,NA,NA,NA,NA,NA,NA,NA,NA,NA,NA,0,0,0,0,0,0,0,0,0,0,0,0,0,0,1.015606859,1.938038778,2.264151072,2.273468566,2.721455819,2.494667835,2.99754554,3.253914567,3.549724982,3.668049148,3.746931925,3.746931925,3.957941562,4.105845513,4.122767491,4.010409711,3.940893063,3.925699383,3.896824271,7.447578834,8.575928946
INTL.26-4-NAM-MTOE.A,        Namibia,--,--,--,--,--,--,--,--,--,--,0,0,0,0,0,0,0,0,0,0,0,0,0,0,0,0,0,0,0,0,0,0,0,0,0,0,0,0,0,0,0,0,0,0,0
INTL.26-4-NRU-MTOE.A,        Nauru,NA,NA,NA,NA,NA,NA,NA,NA,NA,NA,0,0,0,0,0,0,0,0,0,0,0,0,0,0,0,0,0,0,0,0,0,0,0,0,0,0,0,0,0,0,0,0,0,0,0
INTL.26-4-NPL-MTOE.A,        Nepal,NA,NA,NA,NA,NA,NA,NA,NA,NA,NA,0,0,0,0,0,0,0,0,0,0,0,0,0,0,0,0,0,0,0,0,0,0,0,0,0,0,0,0,0,0,0,0,0,0,0
INTL.26-4-NLD-MTOE.A,        Netherlands,NA,NA,NA,NA,NA,NA,NA,NA,NA,NA,28.67867998,32.23417261,34.14756941,34.94156942,32.34873774,32.33998623,38.82087206,33.77045919,30.91985596,30.29929483,32.93270167,39.4040404,41.81446189,38.29799778,42.63483743,41.54365831,43.53565757,44.33851053,49.15722126,44.29390759,47.40265362,44.47243517,48.10096927,53.27105309,46.77759344,40.57795188,44.01217059,45.28840954,44.16917891,43.58223739,36.7757822,37.05412388,37.92361794,39.94947796,36.72325679
INTL.26-4-NLDA-MTOE.A,        Netherlands Antilles,NA,NA,NA,NA,NA,NA,NA,NA,NA,NA,0,0,0,0,0,0,0,0,0,0,0,0,0,0,0,0,0,0,0,0,0,0,0,0,0,0,0,0,0,0,0,0,0,0,0
INTL.26-4-NCL-MTOE.A,        New Caledonia,NA,NA,NA,NA,NA,NA,NA,NA,NA,NA,0,0,0,0,0,0,0,0,0,0,0,0,0,0,0,0,0,0,0,0,0,0,0,0,0,0,0,0,0,0,0,0,0,0,0
INTL.26-4-NZL-MTOE.A,        New Zealand,NA,NA,NA,NA,NA,NA,NA,NA,NA,NA,0,0,0,0,0,0,0,0,0,0,0,0,0,0,0,0,0,0,0,0,0,0,0,0,0,0,0,0,0,0,0,0,0,0,0
INTL.26-4-NIC-MTOE.A,        Nicaragua,NA,NA,NA,NA,NA,NA,NA,NA,NA,NA,0,0,0,0,0,0,0,0,0,0,0,0,0,0,0,0,0,0,0,0,0,0,0,0,0,0,0,0,0,0,0,0,0,0,0
INTL.26-4-NER-MTOE.A,        Niger,NA,NA,NA,NA,NA,NA,NA,NA,NA,NA,0,0,0,0,0,0,0,0,0,0,0,0,0,0,0,0,0,0,0,0,0,0,0,0,0,0,0,0,0,0,0,0,0,0,0
INTL.26-4-NGA-MTOE.A,        Nigeria,NA,NA,NA,NA,NA,NA,NA,NA,NA,NA,0,0,0,0,0,0,0,0,0,0.689494565,5.338924133,8.096902394,7.304915393,10.98532557,11.62823267,11.21826293,16.38015467,20.40531213,19.14745042,14.88935561,22.32471592,24.19753224,25.23177409,20.35872466,23.23783034,24.53296203,21.68183305,25.36780241,25.1936683,25.6314709,25.92041812,21.45737635,18.93231949,16.65057855,17.21054524
INTL.26-4-NIU-MTOE.A,        Niue,NA,NA,NA,NA,NA,NA,NA,NA,NA,NA,0,0,0,0,0,0,0,0,0,0,0,0,0,0,0,0,0,0,0,0,0,0,0,0,0,0,0,0,0,0,0,0,0,0,0
INTL.26-4-PRK-MTOE.A,        North Korea,NA,NA,NA,NA,NA,NA,NA,NA,NA,NA,0,0,0,0,0,0,0,0,0,0,0,0,0,0,0,0,0,0,0,0,0,0,0,0,0,0,0,0,0,0,0,0,0,0,0
INTL.26-4-MKD-MTOE.A,        North Macedonia,--,--,--,--,--,--,--,--,--,--,--,--,0,0,0,0,0,0,0,0,0,0,0,0,0,0,0,0,0,0,0,0,0,0,0,0,0,0,0,0,0,0,0,0,0
INTL.26-4-MNP-MTOE.A,        Northern Mariana Islands,NA,NA,NA,NA,NA,NA,NA,NA,NA,NA,NA,NA,NA,NA,NA,NA,NA,NA,NA,NA,NA,NA,NA,NA,NA,NA,NA,NA,NA,NA,NA,NA,NA,NA,NA,NA,NA,0,0,0,0,0,0,0,0
INTL.26-4-NOR-MTOE.A,        Norway,NA,NA,NA,NA,NA,NA,NA,NA,NA,NA,24.63349282,24.42867067,25.01845317,24.28435847,26.57465397,27.53374958,37.59054457,41.6438236,41.17104309,43.76168912,47.13880463,48.43692646,59.86705336,66.90281153,72.3627563,78.0870082,80.19576982,80.82565734,90.80553897,92.14200758,95.60935319,91.45790991,103.8784755,97.43455865,96.51097186,104.9614657,104.9127209,115.5397701,112.5065824,106.5702388,103.1920691,106.8276484,116.4075324,110.0014825,118.1536719
INTL.26-4-OMN-MTOE.A,        Oman,NA,NA,NA,NA,NA,NA,NA,NA,NA,NA,0,0,0,0,0.093135365,0.465940666,0.465874706,0.465874706,0.419287236,0.419287236,2.646168331,7.109248016,7.882600029,8.76776197,9.792686324,9.895178759,12.0568374,11.90839904,9.836630723,10.42375744,10.37859385,9.872761598,9.809532567,10.18890675,9.276602161,9.032718754,9.613788615,10.06733202,11.83831247,12.46471309,11.96229537,12.44102539,13.66043207,13.72366056,14.46800446
INTL.26-4-PAK-MTOE.A,        Pakistan,NA,NA,NA,NA,NA,NA,NA,NA,NA,NA,0,0,0,0,0,0,0,0,0,0,0,0,0,0,0,0,0,0,0,0,0,0,0,0,0,0,0,0,0,0,0,0,0,0,0
INTL.26-4-PSE-MTOE.A,        Palestinian Territories,--,--,--,--,--,--,--,--,--,--,--,--,--,--,--,--,--,0,0,0,0,0,0,0,0,0,0,0,0,0,0,0,0,0,0,0,0,0,0,0,0,0,0,0,0
INTL.26-4-PAN-MTOE.A,        Panama,NA,NA,NA,NA,NA,NA,NA,NA,NA,NA,0,0,0,0,0,0,0,0,0,0,0,0,0,0,0,0,0,0,0,0,0,0,0,0,0,0,0,0,0,0,0,0,0,0,0
INTL.26-4-PNG-MTOE.A,        Papua New Guinea,NA,NA,NA,NA,NA,NA,NA,NA,NA,NA,0,0,0,0,0,0,0,0,0,0,0,0,0,0,0,0,0,0,0,0,0,0,0,0,4.332634768,9.0379693,10.15069946,10.33867538,9.217614191,10.58780008,10.96148715,10.44520859,10.41142909,10.54997392,10.21203937
INTL.26-4-PRY-MTOE.A,        Paraguay,NA,NA,NA,NA,NA,NA,NA,NA,NA,NA,0,0,0,0,0,0,0,0,0,0,0,0,0,0,0,0,0,0,0,0,0,0,0,0,0,0,0,0,0,0,0,0,0,0,0
INTL.26-4-PER-MTOE.A,        Peru,NA,NA,NA,NA,NA,NA,NA,NA,NA,NA,0,0,0,0,0,0,0,0,0,0,0,0,0,0,0,0,0,0,0,0,1.867450083,6.053114062,5.623815193,5.559420362,5.623815193,5.183783851,6.143365386,5.908008434,5.407182501,5.773064774,5.675475413,3.632784638,4.950546034,4.52359369,4.644951156
INTL.26-4-PHL-MTOE.A,        Philippines,NA,NA,NA,NA,NA,NA,NA,NA,NA,NA,0,0,0,0,0,0,0,0,0,0,0,0,0,0,0,0,0,0,0,0,0,0,0,0,0,0,0,0,0,0,0,0,0,0,0
INTL.26-4-POL-MTOE.A,        Poland,NA,NA,NA,NA,NA,NA,NA,NA,NA,NA,0,0,0.002029025,0.011262866,0.017598228,0.022240956,0.029228632,0.027907986,0.028897581,0.028423252,0.028897581,0.029116502,0.030013544,0.033502932,0.034715897,0.031521074,0.033076659,0.032237462,0.027800306,0.028569199,0.031046613,0.019857533,0.002061464,0.064338857,0.051750008,0.037702253,0.596498763,0.833482343,0.464817201,0.894429579,0.944011438,0.082826573,0.422123101,0.499956722,0.071325464
INTL.26-4-PRT-MTOE.A,        Portugal,NA,NA,NA,NA,NA,NA,NA,NA,NA,NA,0,0,0,0,0,0,0,0,0,0,0,0,0,0,0,0,0,0,0,0,0,0,0,0,0,0,0,0,0,0,0,0,0,0,0
INTL.26-4-PRI-MTOE.A,        Puerto Rico,NA,NA,NA,NA,NA,NA,NA,NA,NA,NA,0,0,0,0,0,0,0,0,0,0,0,0,0,0,0,0,0,0,0,0,0,0,0,0,0,0,0,0,0,0,0,0,0.006539572,0.014462642,0.00873629
INTL.26-4-QAT-MTOE.A,        Qatar,NA,NA,NA,NA,NA,NA,NA,NA,NA,NA,0,0,0,0,0,0,0,2.664803319,4.463079685,7.54717024,13.08176175,15.41113528,17.13487169,17.88027122,22.49243081,25.25040908,28.96808923,43.00864515,56.13864073,67.41975892,93.82805575,118.4369104,118.6741995,121.2448312,117.5747601,122.4905988,126.2446779,122.613714,121.6985931,122.8573645,124.7879024,122.2221715,125.1933702,124.1769594,124.2718482
INTL.26-4-REU-MTOE.A,        Reunion,NA,NA,NA,NA,NA,NA,NA,NA,NA,NA,0,0,0,0,0,0,0,0,0,0,0,0,0,0,0,0,0,0,0,0,0,0,ie,ie,ie,ie,ie,ie,ie,ie,ie,ie,ie,ie,ie
INTL.26-4-ROU-MTOE.A,        Romania,NA,NA,NA,NA,NA,NA,NA,NA,NA,NA,0,0,0,0,0,0,0,0,0,0,0,0,0,0,0,0,0,0,0,0,0,0,0,0,0,0,0,0.019401937,0.022764476,0.009747836,0.121833576,0.642323169,0.833926117,1.942917911,2.050766224
INTL.26-4-RUS-MTOE.A,        Russia,--,--,--,--,--,--,--,--,--,--,--,--,174.4748131,161.108716,164.9661381,172.4114758,176.4975802,170.5622475,178.517928,182.0647607,167.5721328,160.6041778,157.5961045,172.6364712,186.6388049,203.2565156,217.2263494,211.6749383,216.6693821,184.1552789,167.1814744,171.7467795,163.1640058,177.7729823,157.5943336,169.3728208,180.6462896,204.9124673,220.6582743,234.7215031,218.6269941,229.0436827,153.125354,118.5691542,135.5074743
INTL.26-4-RWA-MTOE.A,        Rwanda,NA,NA,NA,NA,NA,NA,NA,NA,NA,NA,0,0,0,0,0,0,0,0,0,0,0,0,0,0,0,0,0,0,0,0,0,0,0,0,0,0,0,0,0,0,0,0,0,0,0
INTL.26-4-SHN-MTOE.A,        Saint Helena,NA,NA,NA,NA,NA,NA,NA,NA,NA,NA,0,0,0,0,0,0,0,0,0,0,0,0,0,0,0,0,0,0,0,0,0,0,0,0,0,0,0,0,0,0,0,0,0,0,0
INTL.26-4-KNA-MTOE.A,        Saint Kitts and Nevis,NA,NA,NA,NA,NA,NA,NA,NA,NA,NA,0,0,0,0,0,0,0,0,0,0,0,0,0,0,0,0,0,0,0,0,0,0,0,0,0,0,0,0,0,0,0,0,0,0,0
INTL.26-4-LCA-MTOE.A,        Saint Lucia,NA,NA,NA,NA,NA,NA,NA,NA,NA,NA,0,0,0,0,0,0,0,0,0,0,0,0,0,0,0,0,0,0,0,0,0,0,0,0,0,0,0,0,0,0,0,0,0,0,0
INTL.26-4-SPM-MTOE.A,        Saint Pierre and Miquelon,NA,NA,NA,NA,NA,NA,NA,NA,NA,NA,0,0,0,0,0,0,0,0,0,0,0,0,0,0,0,0,0,0,0,0,0,0,0,0,0,0,0,0,0,0,0,0,0,0,0
INTL.26-4-VCT-MTOE.A,        Saint Vincent/Grenadines,NA,NA,NA,NA,NA,NA,NA,NA,NA,NA,0,0,0,0,0,0,0,0,0,0,0,0,0,0,0,0,0,0,0,0,0,0,0,0,0,0,0,0,0,0,0,0,0,0,0
INTL.26-4-WSM-MTOE.A,        Samoa,NA,NA,NA,NA,NA,NA,NA,NA,NA,NA,0,0,0,0,0,0,0,0,0,0,0,0,0,0,0,0,0,0,0,0,0,0,0,0,0,0,0,0,0,0,0,0,0,0,0
INTL.26-4-STP-MTOE.A,        Sao Tome and Principe,NA,NA,NA,NA,NA,NA,NA,NA,NA,NA,0,0,0,0,0,0,0,0,0,0,0,0,0,0,0,0,0,0,0,0,0,0,0,0,0,0,0,0,0,0,0,0,0,0,0
INTL.26-4-SAU-MTOE.A,        Saudi Arabia,NA,NA,NA,NA,NA,NA,NA,NA,NA,NA,0,0,0,0,0,0,0,0,0,0,0,0,0,0,0,0,0,0,0,0,0,0,0,0,0,0,0,0,0,0,0,0,0,0,0
INTL.26-4-SEN-MTOE.A,        Senegal,NA,NA,NA,NA,NA,NA,NA,NA,NA,NA,0,0,0,0,0,0,0,0,0,0,0,0,0,0,0,0,0,0,0,0,0,0,0,0,0,0,0,0,0,0,0,0,0,0,0
INTL.26-4-SRB-MTOE.A,        Serbia,--,--,--,--,--,--,--,--,--,--,--,--,--,--,--,--,--,--,--,--,--,--,--,--,--,--,0,0,0,0,0,0,0,0,0,0,0,0,0,0,0,0,0,0,0
INTL.26-4-SYC-MTOE.A,        Seychelles,NA,NA,NA,NA,NA,NA,NA,NA,NA,NA,0,0,0,0,0,0,0,0,0,0,0,0,0,0,0,0,0,0,0,0,0,0,0,0,0,0,0,0,0,0,0,0,0,0,0
INTL.26-4-SLE-MTOE.A,        Sierra Leone,NA,NA,NA,NA,NA,NA,NA,NA,NA,NA,0,0,0,0,0,0,0,0,0,0,0,0,0,0,0,0,0,0,0,0,0,0,0,0,0,0,0,0,0,0,0,0,0,0,0
INTL.26-4-SGP-MTOE.A,        Singapore,NA,NA,NA,NA,NA,NA,NA,NA,NA,NA,0,0,0,0,0,0,0,0,0,0,0,0,0,0,0,0,0,0,0,0,0,0,0,0,0,0,0.375218678,0.582999641,0.681441361,0.442141307,1.316220746,0.538774989,0.438729529,0.3422524,0.151821442
INTL.26-4-SVK-MTOE.A,        Slovakia,--,--,--,--,--,--,--,--,--,--,--,--,--,0.011233498,0.118383791,0,0,0,0,0,0,0,0,0.003755475,0.000955777,0.352353455,0.574721192,0.169797314,0.177112481,0.014189823,0,0.002831209,0.044280391,0.014029579,0.00279438,0,0,0,0,0,0,0,0,0,0
INTL.26-4-SVN-MTOE.A,        Slovenia,--,--,--,--,--,--,--,--,--,--,--,--,0,0,0,0,0,0,0,0,0,0,0,0,0,0,0,0,0,0,0,0,0,0,0,0,0,0,0,0,0,0,0,0,0
INTL.26-4-SLB-MTOE.A,        Solomon Islands,NA,NA,NA,NA,NA,NA,NA,NA,NA,NA,0,0,0,0,0,0,0,0,0,0,0,0,0,0,0,0,0,0,0,0,0,0,0,0,0,0,0,0,0,0,0,0,0,0,0
INTL.26-4-SOM-MTOE.A,        Somalia,NA,NA,NA,NA,NA,NA,NA,NA,NA,NA,0,0,0,0,0,0,0,0,0,0,0,0,0,0,0,0,0,0,0,0,0,0,0,0,0,0,0,0,0,0,0,0,0,0,0
INTL.26-4-ZAF-MTOE.A,        South Africa,NA,NA,NA,NA,NA,NA,NA,NA,NA,NA,0,0,0,0,0,0,0,0,0,0,0,0,0,0,0,0,0,0,0,0,0,0,0,0,0,0,0,0,0,0,0,0,0,0,0
INTL.26-4-KOR-MTOE.A,        South Korea,NA,NA,NA,NA,NA,NA,NA,NA,NA,NA,0,0,0,0,0,0,0,0,0,0,0,0,0,0,0,0,0,0,0,0,0,0,0,0,0,0,0,0.076926809,2.73E-09,0.087636664,0.040081661,0.129255134,0.065814612,0,0.178354817
INTL.26-4-SSD-MTOE.A,        South Sudan,--,--,--,--,--,--,--,--,--,--,--,--,--,--,--,--,--,--,--,--,--,--,--,--,--,--,--,--,--,--,--,--,0,0,0,0,0,0,0,0,0,0,0,0,0
INTL.26-4-ESP-MTOE.A,        Spain,NA,NA,NA,NA,NA,NA,NA,NA,NA,NA,0,0,0,0,0,0,0,0,0,0,0,0,0,0,0,0,0,0,0.043039347,1.007303878,1.12182143,1.64946652,2.636274038,5.765593654,7.917336782,4.914905762,3.865948606,2.789077011,3.145954737,1.087119377,1.150154845,2.945056389,5.902865101,6.399278525,2.839148735
INTL.26-4-LKA-MTOE.A,        Sri Lanka,NA,NA,NA,NA,NA,NA,NA,NA,NA,NA,0,0,0,0,0,0,0,0,0,0,0,0,0,0,0,0,0,0,0,0,0,0,0,0,0,0,0,0,0,0,0,0,0,0,0
INTL.26-4-SDN-MTOE.A,        Sudan,NA,NA,NA,NA,NA,NA,NA,NA,NA,NA,0,0,0,0,0,0,0,0,0,0,0,0,0,0,0,0,0,0,0,0,0,0,0,0,0,0,0,0,0,0,0,0,0,0,0
INTL.26-4-SUR-MTOE.A,        Suriname,NA,NA,NA,NA,NA,NA,NA,NA,NA,NA,0,0,0,0,0,0,0,0,0,0,0,0,0,0,0,0,0,0,0,0,0,0,0,0,0,0,0,0,0,0,0,0,0,0,0
INTL.26-4-SWE-MTOE.A,        Sweden,NA,NA,NA,NA,NA,NA,NA,NA,NA,NA,0,0,0,0,0,0,0,0,0,0,0,0,0,0,0,0,0,0,0,0,0,0,0,0,0,0,0,0.024978831,0.030529682,0.027754257,0.032287452,0.062882822,0.01279,0.011033316,0.026788808
INTL.26-4-CHE-MTOE.A,        Switzerland,NA,NA,NA,NA,NA,NA,NA,NA,NA,NA,0,0,0,0,0,0,0,0,0,0,0,0,0,0,0,0,0,0,0,0,0,0,0,0,0,0,0,0,0,0,0,0,0,0,0
INTL.26-4-SYR-MTOE.A,        Syria,NA,NA,NA,NA,NA,NA,NA,NA,NA,NA,0,0,0,0,0,0,0,0,0,0,0,0,0,0,0,0,0,0,0,0,0,0,0,0,0,0,0,0,0,0,0,0,0,0,0
INTL.26-4-TWN-MTOE.A,        Taiwan,NA,NA,NA,NA,NA,NA,NA,NA,NA,NA,0,0,0,0,0,0,0,0,0,0,0,0.364868442,0,0,0,0,0,0,0,0,0,0,0,0,0,0,0,0,0,0,0,0,0,0,0
INTL.26-4-TJK-MTOE.A,        Tajikistan,--,--,--,--,--,--,--,--,--,--,--,--,0,0,0,0,0,0,0,0,0,0,0,0,0,0,0,0,0,0,0,0,0,0,0,0,0,0,0,0,0,0,0,0,0
INTL.26-4-TZA-MTOE.A,        Tanzania,NA,NA,NA,NA,NA,NA,NA,NA,NA,NA,0,0,0,0,0,0,0,0,0,0,0,0,0,0,0,0,0,0,0,0,0,0,0,0,0,0,0,0,0,0,0,0,0,0,0
INTL.26-4-THA-MTOE.A,        Thailand,NA,NA,NA,NA,NA,NA,NA,NA,NA,NA,0,0,0,0,0,0,0,0,0,0,0,0,0,0,0,0,0,0,0,0,0,0,0,0,0,0,0,0,0,0,0,0,0,0,0
INTL.26-4-BHS-MTOE.A,        The Bahamas,NA,NA,NA,NA,NA,NA,NA,NA,NA,NA,0,0,0,0,0,0,0,0,0,0,0,0,0,0,0,0,0,0,0,0,0,0,0,0,0,0,0,0,0,0,0,0,0,0,0
INTL.26-4-TLS-MTOE.A,        Timor-Leste,--,--,--,--,--,--,--,--,--,--,--,--,--,--,--,--,--,--,--,--,--,--,--,0,0,0,3.904933493,5.322349256,6.121424554,6.158979306,5.623824092,5.220110509,5.154389693,6.055703738,5.914873419,7.229289734,5.923272919,5.431309849,5.873953351,5.180001487,6.297724124,5.695075242,2.746591656,0.489177567,0
INTL.26-4-TGO-MTOE.A,        Togo,NA,NA,NA,NA,NA,NA,NA,NA,NA,NA,0,0,0,0,0,0,0,0,0,0,0,0,0,0,0,0,0,0,0,0,0,0,0,0,0,0,0,0,0,0,0,0,0,0,0
INTL.26-4-TON-MTOE.A,        Tonga,NA,NA,NA,NA,NA,NA,NA,NA,NA,NA,0,0,0,0,0,0,0,0,0,0,0,0,0,0,0,0,0,0,0,0,0,0,0,0,0,0,0,0,0,0,0,0,0,0,0
INTL.26-4-TTO-MTOE.A,        Trinidad and Tobago,NA,NA,NA,NA,NA,NA,NA,NA,NA,NA,0,0,0,0,0,0,0,0,0,2.03663335,3.664080091,3.673379787,4.947438093,11.07593753,12.96377575,14.74001763,15.11200545,17.44622906,16.14427167,18.35759924,17.7996175,16.39536345,16.48836041,16.47906072,16.19077015,14.39966398,14.03605254,14.3930407,16.29550936,16.4295171,13.63534906,8.744817947,10.32450105,9.990317465,9.619437594
INTL.26-4-TUN-MTOE.A,        Tunisia,NA,NA,NA,NA,NA,NA,NA,NA,NA,NA,0,0.484514034,0.280877701,0,0,0,0,0,0,0,0,0,0,0,0,0,0,0,0,0,0,0,0,0,0,0,0,0,0,0,0,0,0,0,0
INTL.26-4-TUR-MTOE.A,        Turkiye,NA,NA,NA,NA,NA,NA,NA,NA,NA,NA,0,0,0,0,0,0,0,0,0,0,0,0,0,0,0,0,0,0.028360067,0.398342897,0.648337405,0.593977247,0.651069752,0.562977303,0.625518824,0.579394214,0.570470827,0.61709545,0.575956077,0.615990223,0.696968384,0.530521479,0.352753674,0.534288017,0.819386617,1.625454134
INTL.26-4-TKM-MTOE.A,        Turkmenistan,--,--,--,--,--,--,--,--,--,--,--,--,49.56912151,56.55717614,29.25690516,25.62304288,30.00225193,19.47356272,8.013044946,15.56021519,36.43140202,35.96552732,39.13347532,40.4379245,39.13347532,42.11507344,43.17726777,48.82366921,51.99161721,15.6906601,18.71884569,32.83484929,33.36594646,38.45329825,41.92872356,37.54950132,33.88775723,35.53414446,39.18777308,40.4124796,35.91898098,36.91399202,41.52488154,38.65137701,31.82326047
INTL.26-4-TCA-MTOE.A,        Turks and Caicos Islands,NA,NA,NA,NA,NA,NA,NA,NA,NA,NA,0,0,0,0,0,0,0,0,0,0,0,0,0,0,0,0,0,0,0,0,0,0,0,0,0,0,0,0,0,0,0,0,0,0,0
INTL.26-4-TUV-MTOE.A,        Tuvalu,,,,,,,,,,,,,,,,,,,,,,,,,,,,,,,,,,,,,,0,0,0,0,0,0,0,0
INTL.26-4-USIQ-MTOE.A,        U.S. Pacific Islands,NA,NA,NA,NA,NA,NA,NA,NA,NA,NA,0,0,0,0,0,0,0,0,0,0,0,0,0,0,0,0,0,0,0,0,0,0,0,0,0,0,0,0,0,0,0,0,0,0,0
none,        U.S. Territories,,,,,,,,,,,,,,,,,,,,,,,,,,,,,,,,,,,,,,,,,,,,,
INTL.26-4-VIR-MTOE.A,        U.S. Virgin Islands,NA,NA,NA,NA,NA,NA,NA,NA,NA,NA,0,0,0,0,0,0,0,0,0,0,0,0,0,0,0,0,0,0,0,0,0,0,0,0,0,0,0,0,0,0,0,0,0,0,0
INTL.26-4-UGA-MTOE.A,        Uganda,NA,NA,NA,NA,NA,NA,NA,NA,NA,NA,0,0,0,0,0,0,0,0,0,0,0,0,0,0,0,0,0,0,0,0,0,0,0,0,0,0,0,0,0,0,0,0,0,0,0
INTL.26-4-UKR-MTOE.A,        Ukraine,--,--,--,--,--,--,--,--,--,--,--,--,0,0,0,0,0,0,0,0,0,0,0,0,13.23084166,13.88306624,13.69671636,2.65392846,2.71960478,2.379654182,2.207365084,0,0,0,0,0,0,0,0,0,0,0.125869644,0,0,0
INTL.26-4-ARE-MTOE.A,        United Arab Emirates,NA,NA,NA,NA,NA,NA,NA,NA,NA,NA,3.086940887,3.324378478,3.18658299,3.673385451,3.959967983,6.55008096,6.662008299,7.276962911,6.64337331,7.006755581,6.475658416,6.59678584,6.662008299,6.624738322,6.969485605,6.652690804,6.615420828,7.099930522,7.034708063,6.531563381,7.127883005,11.89844,7.081295534,6.894945652,7.51549076,7.226650896,7.198698651,6.987193331,6.994603429,7.161520472,6.356624251,7.055430374,6.54297255,6.634475857,7.548004103
INTL.26-4-GBR-MTOE.A,        United Kingdom,NA,NA,NA,NA,NA,NA,NA,NA,NA,NA,0,0,0.051829117,0.572658704,0.80741861,0.965083538,1.452487873,1.724243669,2.775972504,7.350942212,14.14585162,12.31969396,12.35569135,14.41960084,9.29684791,8.763036479,9.730774379,9.85678748,10.89933231,11.63181016,15.30460202,15.94469404,12.38310938,9.344560141,10.01541845,13.64661964,9.575599796,10.90441961,7.277077985,7.944028459,9.110894466,6.513508892,22.40688875,15.07577569,10.1877212
INTL.26-4-USA-MTOE.A,        United States,1.243977074,1.512606874,1.317862433,1.390648435,1.393549914,1.408050204,1.556366744,1.376252144,1.889045223,2.744283808,2.195003179,3.328557299,5.548314375,3.589077547,4.120569115,3.926452546,3.907955629,3.999998416,4.050986331,4.142696661,6.178385575,9.500514235,13.11292261,17.28795809,21.71762082,18.52566848,18.40762812,20.91201083,24.49227228,27.26614926,28.90442952,38.28321589,41.16093239,39.9807647,38.50167684,45.34825246,59.38197484,80.18979857,91.73431196,118.4273305,134.3701897,169.1517075,175.6055149,193.4955576,195.950067
INTL.26-4-URY-MTOE.A,        Uruguay,NA,NA,NA,NA,NA,NA,NA,NA,NA,NA,0,0,0,0,0,0,0,0,0,0,0,0,0,0,0,0,0,0,0,0,0,0,0,0,0,0,0,0,0,0,0,0,0,0,0
INTL.26-4-UZB-MTOE.A,        Uzbekistan,--,--,--,--,--,--,--,--,--,--,--,--,13.27808378,12.8263839,13.00721732,8.869583754,6.697357111,7.240413772,13.48527065,13.84729134,12.30870341,16.20042581,10.13657928,9.231527559,8.779001698,10.4080948,11.44890428,13.30426031,13.57577582,13.75678617,13.03274479,10.86062066,9.231527559,12.21819824,7.285666358,6.833140497,9.159103662,8.50039616,13.05233896,11.95584904,3.9470929,4.095743126,2.344677509,1.189186606,2.027015165
INTL.26-4-VUT-MTOE.A,        Vanuatu,NA,NA,NA,NA,NA,NA,NA,NA,NA,NA,0,0,0,0,0,0,0,0,0,0,0,0,0,0,0,0,0,0,0,0,0,0,0,0,0,0,0,0,0,0,0,0,0,0,0
INTL.26-4-VEN-MTOE.A,        Venezuela,NA,NA,NA,NA,NA,NA,NA,NA,NA,NA,0,0,0,0,0,0,0,0,0,0,0,0,0,0,0,0,0,0,0,0,0,0,0,0,0,0,0,0,0,0,0,0,0,0,0
INTL.26-4-VNM-MTOE.A,        Vietnam,NA,NA,NA,NA,NA,NA,NA,NA,NA,NA,0,0,0,0,0,0,0,0,0,0,0,0,0,0,0,0,0,0,0,0,0,0,0,0,0,0,0,0,0,0,0,0,0,0,0
INTL.26-4-WAK-MTOE.A,        Wake Island,NA,NA,NA,NA,NA,NA,NA,NA,NA,NA,0,0,0,0,0,0,0,0,0,0,0,0,0,0,0,0,0,0,0,0,0,0,0,0,0,0,0,0,0,0,0,0,0,0,0
INTL.26-4-ESH-MTOE.A,        Western Sahara,NA,NA,NA,NA,NA,NA,NA,NA,NA,NA,0,0,0,0,0,0,0,0,0,0,0,0,0,0,0,0,0,0,0,0,0,0,0,0,0,0,0,0,0,0,0,0,0,0,0
INTL.26-4-YEM-MTOE.A,        Yemen,NA,NA,NA,NA,NA,NA,NA,NA,NA,NA,0,0,0,0,0,0,0,0,0,0,0,0,0,0,0,0,0,0,0,0.405537925,5.098431333,8.423495246,6.582662761,8.972853632,8.481322445,1.821556752,0,0,0,0,0,0,0,0,0
INTL.26-4-ZMB-MTOE.A,        Zambia,NA,NA,NA,NA,NA,NA,NA,NA,NA,NA,0,0,0,0,0,0,0,0,0,0,0,0,0,0,0,0,0,0,0,0,0,0,0,0,0,0,0,0,0,0,0,0,0,0,0
INTL.26-4-ZWE-MTOE.A,        Zimbabwe,NA,NA,NA,NA,NA,NA,NA,NA,NA,NA,0,0,0,0,0,0,0,0,0,0,0,0,0,0,0,0,0,0,0,0,0,0,0,0,0,0,0,0,0,0,0,0,0,0,0
