国名,ISOコード,年度,産出量（MTOE）,volume_percentage
United States,USA,2024,195.9501,16.93
Russia,RUS,2024,135.5075,11.71
Qatar,QAT,2024,124.2718,10.74
Norway,NOR,2024,118.1537,10.21
Australia,AUS,2024,99.403,8.59
Canada,CAN,2024,83.0154,7.17
Algeria,DZA,2024,46.2842,4.0
Netherlands,NLD,2024,36.7233,3.17
Malaysia,MYS,2024,36.6014,3.16
Turkmenistan,TKM,2024,31.8233,2.75
Azerbaijan,AZE,2024,23.3694,2.02
Indonesia,IDN,2024,20.0905,1.74
Nigeria,NGA,2024,17.2105,1.49
Iran,IRN,2024,15.0905,1.3
Oman,OMN,2024,14.468,1.25
France,FRA,2024,14.0416,1.21
Israel,ISR,2024,12.1242,1.05
Papua New Guinea,PNG,2024,10.212,0.88
United Kingdom,GBR,2024,10.1877,0.88
Greece,GRC,2024,9.8507,0.85
Trinidad and Tobago,TTO,2024,9.6194,0.83
Burma,MMR,2024,8.5865,0.74
Mozambique,MOZ,2024,8.5759,0.74
Denmark,DNK,2024,8.5716,0.74
United Arab Emirates,ARE,2024,7.548,0.65
Kazakhstan,KAZ,2024,6.5558,0.57
Brunei,BRN,2024,5.974,0.52
Bolivia,BOL,2024,5.7983,0.5
China,CHN,2024,4.9749,0.43
Belgium,BEL,2024,4.9525,0.43
Peru,PER,2024,4.645,0.4
Angola,AGO,2024,4.3222,0.37
Equatorial Guinea,GNQ,2024,3.7308,0.32
Spain,ESP,2024,2.8391,0.25
Argentina,ARG,2024,2.3094,0.2
Romania,ROU,2024,2.0508,0.18
Uzbekistan,UZB,2024,2.027,0.18
Cameroon,CMR,2024,1.7624,0.15
Turkiye,TUR,2024,1.6255,0.14
Libya,LBY,2024,1.3105,0.11
Lithuania,LTU,2024,0.9485,0.08
Egypt,EGY,2024,0.8268,0.07
Croatia,HRV,2024,0.817,0.07
Finland,FIN,2024,0.6282,0.05
Italy,ITA,2024,0.565,0.05
Congo-Brazzaville,COG,2024,0.3658,0.03
Estonia,EST,2024,0.2903,0.03
Mexico,MEX,2024,0.1955,0.02
South Korea,KOR,2024,0.1784,0.02
Singapore,SGP,2024,0.1518,0.01
Chile,CHL,2024,0.1239,0.01
Poland,POL,2024,0.0713,0.01
Sweden,SWE,2024,0.0268,0.0
Puerto Rico,PRI,2024,0.0087,0.0
Latvia,LVA,2024,0.0014,0.0
Dominican Republic,DOM,2024,0.0011,0.0
United States,USA,2023,193.4956,16.84
Qatar,QAT,2023,124.177,10.81
Russia,RUS,2023,118.5692,10.32
Norway,NOR,2023,110.0015,9.57
Australia,AUS,2023,98.6899,8.59
Canada,CAN,2023,77.3246,6.73
Algeria,DZA,2023,48.9323,4.26
Netherlands,NLD,2023,39.9495,3.48
Turkmenistan,TKM,2023,38.6514,3.36
Malaysia,MYS,2023,35.4462,3.09
Azerbaijan,AZE,2023,22.0357,1.92
Indonesia,IDN,2023,20.09,1.75
Nigeria,NGA,2023,16.6506,1.45
United Kingdom,GBR,2023,15.0758,1.31
Iran,IRN,2023,13.8344,1.2
France,FRA,2023,13.7471,1.2
Oman,OMN,2023,13.7237,1.19
Israel,ISR,2023,10.7512,0.94
Papua New Guinea,PNG,2023,10.55,0.92
Greece,GRC,2023,10.2343,0.89
Trinidad and Tobago,TTO,2023,9.9903,0.87
Burma,MMR,2023,9.2067,0.8
Denmark,DNK,2023,8.3636,0.73
Belgium,BEL,2023,7.9256,0.69
Mozambique,MOZ,2023,7.4476,0.65
Bolivia,BOL,2023,7.2689,0.63
Kazakhstan,KAZ,2023,7.1857,0.63
United Arab Emirates,ARE,2023,6.6345,0.58
Spain,ESP,2023,6.3993,0.56
Brunei,BRN,2023,5.8112,0.51
China,CHN,2023,5.5227,0.48
Egypt,EGY,2023,4.9448,0.43
Peru,PER,2023,4.5236,0.39
Angola,AGO,2023,4.3512,0.38
Equatorial Guinea,GNQ,2023,3.7129,0.32
Italy,ITA,2023,2.3852,0.21
Libya,LBY,2023,2.3513,0.2
Argentina,ARG,2023,2.1795,0.19
Romania,ROU,2023,1.9429,0.17
Cameroon,CMR,2023,1.809,0.16
Lithuania,LTU,2023,1.7359,0.15
Uzbekistan,UZB,2023,1.1892,0.1
Croatia,HRV,2023,0.9714,0.08
Turkiye,TUR,2023,0.8194,0.07
Poland,POL,2023,0.5,0.04
Timor-Leste,TLS,2023,0.4892,0.04
Finland,FIN,2023,0.4396,0.04
Singapore,SGP,2023,0.3423,0.03
Estonia,EST,2023,0.2978,0.03
Brazil,BRA,2023,0.0953,0.01
Chile,CHL,2023,0.0364,0.0
Mexico,MEX,2023,0.0257,0.0
Puerto Rico,PRI,2023,0.0145,0.0
Sweden,SWE,2023,0.011,0.0
Dominican Republic,DOM,2023,0.0021,0.0
United States,USA,2022,175.6055,14.75
Russia,RUS,2022,153.1254,12.86
Qatar,QAT,2022,125.1934,10.52
Norway,NOR,2022,116.4075,9.78
Australia,AUS,2022,99.5606,8.36
Canada,CAN,2022,79.5923,6.69
Algeria,DZA,2022,45.8857,3.86
Turkmenistan,TKM,2022,41.5249,3.49
Netherlands,NLD,2022,37.9236,3.19
Malaysia,MYS,2022,36.6014,3.08
United Kingdom,GBR,2022,22.4069,1.88
Indonesia,IDN,2022,21.5649,1.81
Azerbaijan,AZE,2022,20.871,1.75
Nigeria,NGA,2022,18.9323,1.59
Iran,IRN,2022,18.1173,1.52
France,FRA,2022,15.1071,1.27
Oman,OMN,2022,13.6604,1.15
Burma,MMR,2022,10.414,0.87
Papua New Guinea,PNG,2022,10.4114,0.87
Trinidad and Tobago,TTO,2022,10.3245,0.87
Greece,GRC,2022,9.8536,0.83
Bolivia,BOL,2022,9.3999,0.79
Egypt,EGY,2022,8.9341,0.75
Israel,ISR,2022,8.5361,0.72
Belgium,BEL,2022,8.2981,0.7
Kazakhstan,KAZ,2022,6.8379,0.57
United Arab Emirates,ARE,2022,6.543,0.55
Brunei,BRN,2022,6.1269,0.51
Spain,ESP,2022,5.9029,0.5
China,CHN,2022,5.0695,0.43
Peru,PER,2022,4.9505,0.42
Equatorial Guinea,GNQ,2022,4.5729,0.38
Italy,ITA,2022,4.2001,0.35
Angola,AGO,2022,3.9133,0.33
Mozambique,MOZ,2022,3.8968,0.33
Timor-Leste,TLS,2022,2.7466,0.23
Libya,LBY,2022,2.4405,0.21
Uzbekistan,UZB,2022,2.3447,0.2
Argentina,ARG,2022,2.3067,0.19
Denmark,DNK,2022,2.1463,0.18
Cameroon,CMR,2022,1.8752,0.16
Lithuania,LTU,2022,1.8429,0.15
Croatia,HRV,2022,0.9476,0.08
Romania,ROU,2022,0.8339,0.07
Turkiye,TUR,2022,0.5343,0.04
Estonia,EST,2022,0.4706,0.04
Singapore,SGP,2022,0.4387,0.04
Poland,POL,2022,0.4221,0.04
Japan,JPN,2022,0.2604,0.02
Finland,FIN,2022,0.098,0.01
Dominican Republic,DOM,2022,0.0954,0.01
Chile,CHL,2022,0.0661,0.01
South Korea,KOR,2022,0.0658,0.01
Mexico,MEX,2022,0.0277,0.0
Sweden,SWE,2022,0.0128,0.0
Puerto Rico,PRI,2022,0.0065,0.0
Brazil,BRA,2022,0.0012,0.0
Russia,RUS,2021,229.0437,19.1
United States,USA,2021,169.1517,14.1
Qatar,QAT,2021,122.2222,10.19
Norway,NOR,2021,106.8276,8.91
Australia,AUS,2021,99.3795,8.29
Canada,CAN,2021,73.901,6.16
Algeria,DZA,2021,51.4497,4.29
Netherlands,NLD,2021,37.0541,3.09
Turkmenistan,TKM,2021,36.914,3.08
Malaysia,MYS,2021,32.099,2.68
Indonesia,IDN,2021,22.349,1.86
Nigeria,NGA,2021,21.4574,1.79
Azerbaijan,AZE,2021,17.6099,1.47
Iran,IRN,2021,16.9482,1.41
Oman,OMN,2021,12.441,1.04
Burma,MMR,2021,12.3995,1.03
Bolivia,BOL,2021,11.3631,0.95
Kazakhstan,KAZ,2021,11.1319,0.93
Papua New Guinea,PNG,2021,10.4452,0.87
Egypt,EGY,2021,9.4358,0.79
Trinidad and Tobago,TTO,2021,8.7448,0.73
United Arab Emirates,ARE,2021,7.0554,0.59
Brunei,BRN,2021,6.962,0.58
Israel,ISR,2021,6.6176,0.55
United Kingdom,GBR,2021,6.5135,0.54
Greece,GRC,2021,6.3659,0.53
Timor-Leste,TLS,2021,5.6951,0.47
France,FRA,2021,5.4711,0.46
China,CHN,2021,4.9115,0.41
Angola,AGO,2021,4.4351,0.37
Uzbekistan,UZB,2021,4.0957,0.34
Mozambique,MOZ,2021,3.9257,0.33
Peru,PER,2021,3.6328,0.3
Equatorial Guinea,GNQ,2021,3.4187,0.29
Belgium,BEL,2021,3.0575,0.25
Libya,LBY,2021,3.0105,0.25
Spain,ESP,2021,2.9451,0.25
Denmark,DNK,2021,1.7354,0.14
Cameroon,CMR,2021,1.553,0.13
Italy,ITA,2021,1.4061,0.12
Argentina,ARG,2021,0.8148,0.07
Romania,ROU,2021,0.6423,0.05
Singapore,SGP,2021,0.5388,0.04
Lithuania,LTU,2021,0.4802,0.04
Estonia,EST,2021,0.3702,0.03
Turkiye,TUR,2021,0.3528,0.03
Finland,FIN,2021,0.2235,0.02
South Korea,KOR,2021,0.1293,0.01
Ukraine,UKR,2021,0.1259,0.01
Japan,JPN,2021,0.1157,0.01
Croatia,HRV,2021,0.0982,0.01
Poland,POL,2021,0.0828,0.01
Brazil,BRA,2021,0.0768,0.01
Sweden,SWE,2021,0.0629,0.01
Dominican Republic,DOM,2021,0.0503,0.0
Mexico,MEX,2021,0.0447,0.0
Russia,RUS,2020,218.627,19.4
United States,USA,2020,134.3702,11.93
Qatar,QAT,2020,124.7879,11.08
Norway,NOR,2020,103.1921,9.16
Australia,AUS,2020,95.4811,8.47
Canada,CAN,2020,66.3505,5.89
Netherlands,NLD,2020,36.7758,3.26
Algeria,DZA,2020,36.7189,3.26
Turkmenistan,TKM,2020,35.919,3.19
Malaysia,MYS,2020,31.9586,2.84
Nigeria,NGA,2020,25.9204,2.3
Indonesia,IDN,2020,23.2466,2.06
Iran,IRN,2020,15.1722,1.35
Trinidad and Tobago,TTO,2020,13.6353,1.21
Azerbaijan,AZE,2020,12.5785,1.12
Burma,MMR,2020,12.4214,1.1
Oman,OMN,2020,11.9623,1.06
Kazakhstan,KAZ,2020,11.5845,1.03
Bolivia,BOL,2020,11.3782,1.01
Papua New Guinea,PNG,2020,10.9615,0.97
United Kingdom,GBR,2020,9.1109,0.81
France,FRA,2020,8.6051,0.76
Brunei,BRN,2020,7.7199,0.69
Egypt,EGY,2020,6.8055,0.6
United Arab Emirates,ARE,2020,6.3566,0.56
Timor-Leste,TLS,2020,6.2977,0.56
Angola,AGO,2020,5.7954,0.51
Peru,PER,2020,5.6755,0.5
China,CHN,2020,4.4957,0.4
Libya,LBY,2020,4.1546,0.37
Uzbekistan,UZB,2020,3.9471,0.35
Mozambique,MOZ,2020,3.9409,0.35
Israel,ISR,2020,3.939,0.35
Belgium,BEL,2020,3.6077,0.32
Equatorial Guinea,GNQ,2020,3.1514,0.28
Denmark,DNK,2020,1.7078,0.15
Cameroon,CMR,2020,1.4087,0.13
Singapore,SGP,2020,1.3162,0.12
Argentina,ARG,2020,1.2643,0.11
Spain,ESP,2020,1.1502,0.1
Poland,POL,2020,0.944,0.08
Turkiye,TUR,2020,0.5305,0.05
Lithuania,LTU,2020,0.4608,0.04
Estonia,EST,2020,0.3834,0.03
Italy,ITA,2020,0.2887,0.03
Finland,FIN,2020,0.1667,0.01
Romania,ROU,2020,0.1218,0.01
Japan,JPN,2020,0.0866,0.01
Dominican Republic,DOM,2020,0.064,0.01
Mexico,MEX,2020,0.0444,0.0
South Korea,KOR,2020,0.0401,0.0
Sweden,SWE,2020,0.0323,0.0
Croatia,HRV,2020,0.0313,0.0
Greece,GRC,2020,0.0308,0.0
Bulgaria,BGR,2020,0.0035,0.0
Russia,RUS,2019,234.7215,20.29
Qatar,QAT,2019,122.8574,10.62
United States,USA,2019,118.4273,10.24
Norway,NOR,2019,106.5702,9.21
Australia,AUS,2019,94.2539,8.15
Canada,CAN,2019,71.3142,6.17
Netherlands,NLD,2019,43.5822,3.77
Turkmenistan,TKM,2019,40.4125,3.49
Algeria,DZA,2019,40.3319,3.49
Malaysia,MYS,2019,33.715,2.91
Nigeria,NGA,2019,25.6315,2.22
Indonesia,IDN,2019,23.739,2.05
Trinidad and Tobago,TTO,2019,16.4295,1.42
Kazakhstan,KAZ,2019,16.3502,1.41
Iran,IRN,2019,15.4095,1.33
Burma,MMR,2019,13.3083,1.15
Oman,OMN,2019,12.4647,1.08
Uzbekistan,UZB,2019,11.9558,1.03
Bolivia,BOL,2019,11.1345,0.96
Azerbaijan,AZE,2019,10.7955,0.93
Papua New Guinea,PNG,2019,10.5878,0.92
France,FRA,2019,10.2003,0.88
Brunei,BRN,2019,8.069,0.7
United Kingdom,GBR,2019,7.944,0.69
United Arab Emirates,ARE,2019,7.1615,0.62
Peru,PER,2019,5.7731,0.5
Libya,LBY,2019,5.3258,0.46
Timor-Leste,TLS,2019,5.18,0.45
Angola,AGO,2019,5.1002,0.44
Egypt,EGY,2019,4.6644,0.4
Belgium,BEL,2019,4.4869,0.39
Mozambique,MOZ,2019,4.0104,0.35
Equatorial Guinea,GNQ,2019,3.6529,0.32
China,CHN,2019,3.1869,0.28
Cameroon,CMR,2019,1.5039,0.13
Denmark,DNK,2019,1.3335,0.12
Spain,ESP,2019,1.0871,0.09
Poland,POL,2019,0.8944,0.08
Turkiye,TUR,2019,0.697,0.06
Argentina,ARG,2019,0.6428,0.06
Singapore,SGP,2019,0.4421,0.04
Lithuania,LTU,2019,0.3674,0.03
Italy,ITA,2019,0.2963,0.03
Israel,ISR,2019,0.1713,0.01
South Korea,KOR,2019,0.0876,0.01
India,IND,2019,0.0856,0.01
Dominican Republic,DOM,2019,0.0807,0.01
Finland,FIN,2019,0.0641,0.01
Mexico,MEX,2019,0.0487,0.0
Japan,JPN,2019,0.0455,0.0
Croatia,HRV,2019,0.0409,0.0
Sweden,SWE,2019,0.0278,0.0
Greece,GRC,2019,0.0139,0.0
Romania,ROU,2019,0.0097,0.0
Bulgaria,BGR,2019,0.007,0.0
Russia,RUS,2018,220.6583,19.92
Qatar,QAT,2018,121.6986,10.99
Norway,NOR,2018,112.5066,10.16
United States,USA,2018,91.7343,8.28
Australia,AUS,2018,85.0591,7.68
Canada,CAN,2018,74.5896,6.73
Algeria,DZA,2018,48.4835,4.38
Netherlands,NLD,2018,44.1692,3.99
Turkmenistan,TKM,2018,39.1878,3.54
Malaysia,MYS,2018,31.8884,2.88
Indonesia,IDN,2018,28.1501,2.54
Nigeria,NGA,2018,25.1937,2.27
Trinidad and Tobago,TTO,2018,16.2955,1.47
Kazakhstan,KAZ,2018,15.5377,1.4
Bolivia,BOL,2018,13.0561,1.18
Uzbekistan,UZB,2018,13.0523,1.18
Iran,IRN,2018,12.4036,1.12
Burma,MMR,2018,12.2972,1.11
Oman,OMN,2018,11.8383,1.07
Papua New Guinea,PNG,2018,9.2176,0.83
Azerbaijan,AZE,2018,8.462,0.76
Brunei,BRN,2018,7.7631,0.7
United Kingdom,GBR,2018,7.2771,0.66
United Arab Emirates,ARE,2018,6.9946,0.63
Timor-Leste,TLS,2018,5.874,0.53
France,FRA,2018,5.6017,0.51
Peru,PER,2018,5.4072,0.49
Angola,AGO,2018,4.9426,0.45
Equatorial Guinea,GNQ,2018,4.3805,0.4
Libya,LBY,2018,4.1621,0.38
Mozambique,MOZ,2018,4.1228,0.37
Spain,ESP,2018,3.146,0.28
China,CHN,2018,2.9892,0.27
Egypt,EGY,2018,2.2289,0.2
Belgium,BEL,2018,1.6475,0.15
Denmark,DNK,2018,1.525,0.14
Cameroon,CMR,2018,0.7898,0.07
Singapore,SGP,2018,0.6814,0.06
Turkiye,TUR,2018,0.616,0.06
Poland,POL,2018,0.4648,0.04
Italy,ITA,2018,0.3552,0.03
Jordan,JOR,2018,0.2804,0.03
Argentina,ARG,2018,0.2508,0.02
Chile,CHL,2018,0.149,0.01
Croatia,HRV,2018,0.1024,0.01
Israel,ISR,2018,0.1012,0.01
Mexico,MEX,2018,0.0863,0.01
Japan,JPN,2018,0.0802,0.01
Brazil,BRA,2018,0.0741,0.01
India,IND,2018,0.0334,0.0
Sweden,SWE,2018,0.0305,0.0
Dominican Republic,DOM,2018,0.0287,0.0
Romania,ROU,2018,0.0228,0.0
Finland,FIN,2018,0.0148,0.0
Bulgaria,BGR,2018,0.0115,0.0
South Korea,KOR,2018,0.0,0.0
Russia,RUS,2017,204.9125,18.56
Qatar,QAT,2017,122.6137,11.1
Norway,NOR,2017,115.5398,10.46
United States,USA,2017,80.1898,7.26
Canada,CAN,2017,78.6749,7.13
Australia,AUS,2017,69.626,6.31
Algeria,DZA,2017,50.919,4.61
Netherlands,NLD,2017,45.2884,4.1
Malaysia,MYS,2017,35.8165,3.24
Turkmenistan,TKM,2017,35.5341,3.22
Indonesia,IDN,2017,28.8879,2.62
Germany,DEU,2017,25.8757,2.34
Nigeria,NGA,2017,25.3678,2.3
Trinidad and Tobago,TTO,2017,14.393,1.3
Bolivia,BOL,2017,14.3811,1.3
Burma,MMR,2017,13.2105,1.2
Kazakhstan,KAZ,2017,13.0065,1.18
Iran,IRN,2017,11.7668,1.07
United Kingdom,GBR,2017,10.9044,0.99
Papua New Guinea,PNG,2017,10.3387,0.94
Oman,OMN,2017,10.0673,0.91
Uzbekistan,UZB,2017,8.5004,0.77
Brunei,BRN,2017,8.3167,0.75
Azerbaijan,AZE,2017,7.4838,0.68
United Arab Emirates,ARE,2017,6.9872,0.63
France,FRA,2017,6.1148,0.55
Peru,PER,2017,5.908,0.54
Equatorial Guinea,GNQ,2017,5.761,0.52
Timor-Leste,TLS,2017,5.4313,0.49
Austria,AUT,2017,4.9694,0.45
Angola,AGO,2017,4.5995,0.42
Libya,LBY,2017,4.3233,0.39
Mozambique,MOZ,2017,4.1058,0.37
China,CHN,2017,3.1343,0.28
Spain,ESP,2017,2.7891,0.25
Denmark,DNK,2017,2.2294,0.2
Egypt,EGY,2017,1.098,0.1
Jordan,JOR,2017,1.0172,0.09
Poland,POL,2017,0.8335,0.08
Belgium,BEL,2017,0.6938,0.06
Singapore,SGP,2017,0.583,0.05
Turkiye,TUR,2017,0.576,0.05
Chile,CHL,2017,0.2587,0.02
Italy,ITA,2017,0.2484,0.02
Japan,JPN,2017,0.1613,0.01
Croatia,HRV,2017,0.1561,0.01
Brazil,BRA,2017,0.1244,0.01
South Korea,KOR,2017,0.0769,0.01
Argentina,ARG,2017,0.0716,0.01
India,IND,2017,0.0708,0.01
Israel,ISR,2017,0.0585,0.01
Dominican Republic,DOM,2017,0.0361,0.0
Mexico,MEX,2017,0.035,0.0
Bulgaria,BGR,2017,0.0293,0.0
Sweden,SWE,2017,0.025,0.0
Romania,ROU,2017,0.0194,0.0
Finland,FIN,2017,0.0037,0.0
Russia,RUS,2016,180.6463,17.9
Qatar,QAT,2016,126.2447,12.51
Norway,NOR,2016,104.9127,10.39
Canada,CAN,2016,77.4402,7.67
United States,USA,2016,59.382,5.88
Algeria,DZA,2016,50.919,5.05
Australia,AUS,2016,47.0416,4.66
Netherlands,NLD,2016,44.0122,4.36
Turkmenistan,TKM,2016,33.8878,3.36
Malaysia,MYS,2016,32.9874,3.27
Indonesia,IDN,2016,28.9115,2.86
Germany,DEU,2016,26.927,2.67
Nigeria,NGA,2016,21.6818,2.15
Bolivia,BOL,2016,15.0274,1.49
Trinidad and Tobago,TTO,2016,14.0361,1.39
Burma,MMR,2016,13.8624,1.37
Kazakhstan,KAZ,2016,13.2626,1.31
Papua New Guinea,PNG,2016,10.1507,1.01
Oman,OMN,2016,9.6138,0.95
United Kingdom,GBR,2016,9.5756,0.95
Uzbekistan,UZB,2016,9.1591,0.91
Iran,IRN,2016,7.8771,0.78
Brunei,BRN,2016,7.4559,0.74
United Arab Emirates,ARE,2016,7.1987,0.71
Azerbaijan,AZE,2016,6.731,0.67
Austria,AUT,2016,6.3293,0.63
Peru,PER,2016,6.1434,0.61
Timor-Leste,TLS,2016,5.9233,0.59
Libya,LBY,2016,4.4855,0.44
Equatorial Guinea,GNQ,2016,4.3084,0.43
Mozambique,MOZ,2016,3.9579,0.39
Spain,ESP,2016,3.8659,0.38
France,FRA,2016,3.7624,0.37
China,CHN,2016,3.1448,0.31
Denmark,DNK,2016,2.1078,0.21
Hungary,HUN,2016,0.9159,0.09
Angola,AGO,2016,0.8479,0.08
Jordan,JOR,2016,0.7636,0.08
Belgium,BEL,2016,0.6378,0.06
Turkiye,TUR,2016,0.6171,0.06
Poland,POL,2016,0.5965,0.06
Brazil,BRA,2016,0.4872,0.05
Singapore,SGP,2016,0.3752,0.04
Chile,CHL,2016,0.3362,0.03
Croatia,HRV,2016,0.3304,0.03
Italy,ITA,2016,0.1929,0.02
Argentina,ARG,2016,0.0725,0.01
India,IND,2016,0.0667,0.01
Egypt,EGY,2016,0.041,0.0
Mexico,MEX,2016,0.0239,0.0
Bulgaria,BGR,2016,0.0027,0.0
Russia,RUS,2015,169.3728,17.68
Qatar,QAT,2015,122.4906,12.79
Norway,NOR,2015,104.9615,10.96
Canada,CAN,2015,73.3381,7.66
United States,USA,2015,45.3483,4.73
Algeria,DZA,2015,41.0352,4.28
Netherlands,NLD,2015,40.578,4.24
Turkmenistan,TKM,2015,37.5495,3.92
Malaysia,MYS,2015,32.7887,3.42
Australia,AUS,2015,31.9733,3.34
Indonesia,IDN,2015,29.3818,3.07
Germany,DEU,2015,26.2053,2.74
Nigeria,NGA,2015,24.533,2.56
Bolivia,BOL,2015,16.3675,1.71
Trinidad and Tobago,TTO,2015,14.3997,1.5
United Kingdom,GBR,2015,13.6466,1.42
Burma,MMR,2015,13.0473,1.36
Kazakhstan,KAZ,2015,12.4902,1.3
Papua New Guinea,PNG,2015,9.038,0.94
Oman,OMN,2015,9.0327,0.94
Brunei,BRN,2015,7.9158,0.83
Iran,IRN,2015,7.8752,0.82
Timor-Leste,TLS,2015,7.2293,0.75
United Arab Emirates,ARE,2015,7.2267,0.75
Uzbekistan,UZB,2015,6.8331,0.71
Azerbaijan,AZE,2015,6.8204,0.71
Libya,LBY,2015,6.6247,0.69
France,FRA,2015,5.4852,0.57
Peru,PER,2015,5.1838,0.54
Austria,AUT,2015,4.9348,0.52
Spain,ESP,2015,4.9149,0.51
Equatorial Guinea,GNQ,2015,4.6681,0.49
Mozambique,MOZ,2015,3.7469,0.39
China,CHN,2015,3.0634,0.32
Denmark,DNK,2015,2.1856,0.23
Yemen,YEM,2015,1.8216,0.19
Belgium,BEL,2015,1.6101,0.17
Turkiye,TUR,2015,0.5705,0.06
Hungary,HUN,2015,0.4678,0.05
Croatia,HRV,2015,0.3331,0.03
Colombia,COL,2015,0.3307,0.03
India,IND,2015,0.2516,0.03
Italy,ITA,2015,0.2011,0.02
Argentina,ARG,2015,0.0744,0.01
Poland,POL,2015,0.0377,0.0
Mexico,MEX,2015,0.0285,0.0
Brazil,BRA,2015,0.0018,0.0
Russia,RUS,2014,157.5943,17.02
Qatar,QAT,2014,117.5748,12.69
Norway,NOR,2014,96.511,10.42
Canada,CAN,2014,72.6269,7.84
Netherlands,NLD,2014,46.7776,5.05
Turkmenistan,TKM,2014,41.9287,4.53
Algeria,DZA,2014,41.7639,4.51
United States,USA,2014,38.5017,4.16
Malaysia,MYS,2014,32.6763,3.53
Indonesia,IDN,2014,30.7786,3.32
Australia,AUS,2014,29.6746,3.2
Nigeria,NGA,2014,23.2378,2.51
Germany,DEU,2014,17.9395,1.94
Bolivia,BOL,2014,16.5553,1.79
Trinidad and Tobago,TTO,2014,16.1908,1.75
Kazakhstan,KAZ,2014,12.0532,1.3
Burma,MMR,2014,10.9744,1.18
United Kingdom,GBR,2014,10.0154,1.08
Oman,OMN,2014,9.2766,1.0
Iran,IRN,2014,9.0311,0.98
Yemen,YEM,2014,8.4813,0.92
Spain,ESP,2014,7.9173,0.85
United Arab Emirates,ARE,2014,7.5155,0.81
Uzbekistan,UZB,2014,7.2857,0.79
Brunei,BRN,2014,7.2654,0.78
Azerbaijan,AZE,2014,7.2397,0.78
France,FRA,2014,7.0387,0.76
Libya,LBY,2014,6.0657,0.65
Timor-Leste,TLS,2014,5.9149,0.64
Peru,PER,2014,5.6238,0.61
Equatorial Guinea,GNQ,2014,4.4631,0.48
Papua New Guinea,PNG,2014,4.3326,0.47
Mozambique,MOZ,2014,3.7469,0.4
China,CHN,2014,2.43,0.26
Austria,AUT,2014,2.3079,0.25
Denmark,DNK,2014,2.0814,0.22
Belgium,BEL,2014,0.8071,0.09
Colombia,COL,2014,0.7854,0.08
Egypt,EGY,2014,0.6709,0.07
Hungary,HUN,2014,0.636,0.07
Turkiye,TUR,2014,0.5794,0.06
Angola,AGO,2014,0.4659,0.05
Croatia,HRV,2014,0.394,0.04
Italy,ITA,2014,0.2157,0.02
Brazil,BRA,2014,0.0852,0.01
Argentina,ARG,2014,0.0651,0.01
Poland,POL,2014,0.0518,0.01
Mexico,MEX,2014,0.0481,0.01
Slovakia,SVK,2014,0.0028,0.0
Czechia,CZE,2014,0.0009,0.0
Russia,RUS,2013,177.773,18.52
Qatar,QAT,2013,121.2448,12.63
Norway,NOR,2013,97.4346,10.15
Canada,CAN,2013,76.5035,7.97
Netherlands,NLD,2013,53.2711,5.55
Algeria,DZA,2013,44.1361,4.6
United States,USA,2013,39.9808,4.17
Turkmenistan,TKM,2013,38.4533,4.01
Malaysia,MYS,2013,33.1261,3.45
Indonesia,IDN,2013,30.6719,3.2
Australia,AUS,2013,30.0022,3.13
Nigeria,NGA,2013,20.3587,2.12
Germany,DEU,2013,17.7315,1.85
Trinidad and Tobago,TTO,2013,16.4791,1.72
Bolivia,BOL,2013,15.9118,1.66
Uzbekistan,UZB,2013,12.2182,1.27
Kazakhstan,KAZ,2013,11.5857,1.21
Oman,OMN,2013,10.1889,1.06
United Kingdom,GBR,2013,9.3446,0.97
Iran,IRN,2013,8.9747,0.94
Yemen,YEM,2013,8.9729,0.93
Brunei,BRN,2013,8.5847,0.89
Burma,MMR,2013,8.151,0.85
Azerbaijan,AZE,2013,7.1558,0.75
United Arab Emirates,ARE,2013,6.8949,0.72
Timor-Leste,TLS,2013,6.0557,0.63
Spain,ESP,2013,5.7656,0.6
Peru,PER,2013,5.5594,0.58
Libya,LBY,2013,5.311,0.55
France,FRA,2013,4.7521,0.5
Equatorial Guinea,GNQ,2013,4.7426,0.49
Egypt,EGY,2013,4.6215,0.48
Mozambique,MOZ,2013,3.668,0.38
Austria,AUT,2013,3.6189,0.38
China,CHN,2013,2.5509,0.27
Denmark,DNK,2013,2.1931,0.23
Colombia,COL,2013,1.7362,0.18
Hungary,HUN,2013,1.2799,0.13
Belgium,BEL,2013,0.8799,0.09
Turkiye,TUR,2013,0.6255,0.07
Angola,AGO,2013,0.4817,0.05
Croatia,HRV,2013,0.3413,0.04
Italy,ITA,2013,0.2075,0.02
Argentina,ARG,2013,0.0809,0.01
Poland,POL,2013,0.0643,0.01
Mexico,MEX,2013,0.0403,0.0
Brazil,BRA,2013,0.0352,0.0
Slovakia,SVK,2013,0.014,0.0
Czechia,CZE,2013,0.0073,0.0
Russia,RUS,2012,163.164,17.37
Qatar,QAT,2012,118.6742,12.63
Norway,NOR,2012,103.8785,11.06
Canada,CAN,2012,81.6903,8.7
Netherlands,NLD,2012,48.101,5.12
Algeria,DZA,2012,47.8314,5.09
United States,USA,2012,41.1609,4.38
Indonesia,IDN,2012,34.0961,3.63
Turkmenistan,TKM,2012,33.3659,3.55
Malaysia,MYS,2012,30.7084,3.27
Nigeria,NGA,2012,25.2318,2.69
Australia,AUS,2012,24.0832,2.56
Trinidad and Tobago,TTO,2012,16.4884,1.76
Germany,DEU,2012,13.823,1.47
Bolivia,BOL,2012,13.6892,1.46
United Kingdom,GBR,2012,12.3831,1.32
Kazakhstan,KAZ,2012,11.2097,1.19
Oman,OMN,2012,9.8095,1.04
Uzbekistan,UZB,2012,9.2315,0.98
Iran,IRN,2012,8.6834,0.92
Brunei,BRN,2012,8.2502,0.88
Burma,MMR,2012,7.9447,0.85
United Arab Emirates,ARE,2012,7.0813,0.75
Egypt,EGY,2012,7.0533,0.75
Yemen,YEM,2012,6.5827,0.7
Libya,LBY,2012,6.0284,0.64
Austria,AUT,2012,5.817,0.62
France,FRA,2012,5.8133,0.62
Azerbaijan,AZE,2012,5.6744,0.6
Peru,PER,2012,5.6238,0.6
Timor-Leste,TLS,2012,5.1544,0.55
Equatorial Guinea,GNQ,2012,4.4631,0.48
Mozambique,MOZ,2012,3.5497,0.38
Denmark,DNK,2012,2.9707,0.32
China,CHN,2012,2.6876,0.29
Spain,ESP,2012,2.6363,0.28
Colombia,COL,2012,1.5212,0.16
Belgium,BEL,2012,1.2044,0.13
Hungary,HUN,2012,0.7343,0.08
Turkiye,TUR,2012,0.563,0.06
Brazil,BRA,2012,0.294,0.03
Italy,ITA,2012,0.1265,0.01
Argentina,ARG,2012,0.093,0.01
Croatia,HRV,2012,0.0926,0.01
Slovakia,SVK,2012,0.0443,0.0
Mexico,MEX,2012,0.0096,0.0
Czechia,CZE,2012,0.0063,0.0
Poland,POL,2012,0.0021,0.0
Russia,RUS,2011,171.7468,18.25
Qatar,QAT,2011,118.4369,12.58
Norway,NOR,2011,91.4579,9.72
Canada,CAN,2011,85.3888,9.07
Algeria,DZA,2011,47.151,5.01
Netherlands,NLD,2011,44.4724,4.72
United States,USA,2011,38.2832,4.07
Indonesia,IDN,2011,37.7045,4.01
Turkmenistan,TKM,2011,32.8348,3.49
Malaysia,MYS,2011,30.521,3.24
Australia,AUS,2011,25.4752,2.71
Nigeria,NGA,2011,24.1975,2.57
Trinidad and Tobago,TTO,2011,16.3954,1.74
United Kingdom,GBR,2011,15.9447,1.69
Germany,DEU,2011,14.3675,1.53
Bolivia,BOL,2011,12.3872,1.32
United Arab Emirates,ARE,2011,11.8984,1.26
Kazakhstan,KAZ,2011,11.4231,1.21
Uzbekistan,UZB,2011,10.8606,1.15
Oman,OMN,2011,9.8728,1.05
Egypt,EGY,2011,9.802,1.04
Brunei,BRN,2011,8.7519,0.93
Yemen,YEM,2011,8.4235,0.89
Iran,IRN,2011,8.3545,0.89
Burma,MMR,2011,8.0385,0.85
Peru,PER,2011,6.0531,0.64
Azerbaijan,AZE,2011,5.8607,0.62
Timor-Leste,TLS,2011,5.2201,0.55
Equatorial Guinea,GNQ,2011,4.901,0.52
Belgium,BEL,2011,3.7561,0.4
Austria,AUT,2011,3.3172,0.35
Mozambique,MOZ,2011,3.2539,0.35
Denmark,DNK,2011,3.106,0.33
China,CHN,2011,2.9713,0.32
Libya,LBY,2011,2.2548,0.24
Colombia,COL,2011,1.7444,0.19
Spain,ESP,2011,1.6495,0.18
France,FRA,2011,1.0801,0.11
Turkiye,TUR,2011,0.6511,0.07
Hungary,HUN,2011,0.4818,0.05
Argentina,ARG,2011,0.186,0.02
Czechia,CZE,2011,0.1495,0.02
Croatia,HRV,2011,0.1416,0.02
Italy,ITA,2011,0.1128,0.01
Mexico,MEX,2011,0.0793,0.01
Brazil,BRA,2011,0.0473,0.01
Poland,POL,2011,0.0199,0.0
Slovakia,SVK,2011,0.0028,0.0
Russia,RUS,2010,167.1815,18.42
Norway,NOR,2010,95.6094,10.54
Qatar,QAT,2010,93.8281,10.34
Canada,CAN,2010,87.9415,9.69
Algeria,DZA,2010,52.727,5.81
Netherlands,NLD,2010,47.4027,5.22
Indonesia,IDN,2010,40.0132,4.41
Malaysia,MYS,2010,29.7901,3.28
United States,USA,2010,28.9044,3.19
Australia,AUS,2010,22.8067,2.51
Nigeria,NGA,2010,22.3247,2.46
Turkmenistan,TKM,2010,18.7188,2.06
Trinidad and Tobago,TTO,2010,17.7996,1.96
Germany,DEU,2010,16.7698,1.85
United Kingdom,GBR,2010,15.3046,1.69
Egypt,EGY,2010,14.1253,1.56
Uzbekistan,UZB,2010,13.0327,1.44
Kazakhstan,KAZ,2010,11.8195,1.3
Bolivia,BOL,2010,10.8341,1.19
Oman,OMN,2010,10.3786,1.14
Libya,LBY,2010,9.2895,1.02
Burma,MMR,2010,8.2636,0.91
Brunei,BRN,2010,8.2038,0.9
Iran,IRN,2010,7.9128,0.87
United Arab Emirates,ARE,2010,7.1279,0.79
Timor-Leste,TLS,2010,5.6238,0.62
Yemen,YEM,2010,5.0984,0.56
Azerbaijan,AZE,2010,5.078,0.56
Equatorial Guinea,GNQ,2010,4.8078,0.53
Austria,AUT,2010,4.5283,0.5
China,CHN,2010,3.7385,0.41
Denmark,DNK,2010,3.5091,0.39
Belgium,BEL,2010,3.0554,0.34
Mozambique,MOZ,2010,2.9975,0.33
Ukraine,UKR,2010,2.2074,0.24
Peru,PER,2010,1.8675,0.21
Colombia,COL,2010,1.8023,0.2
France,FRA,2010,1.413,0.16
Spain,ESP,2010,1.1218,0.12
Mexico,MEX,2010,0.8542,0.09
Turkiye,TUR,2010,0.594,0.07
Argentina,ARG,2010,0.3906,0.04
Hungary,HUN,2010,0.1944,0.02
Croatia,HRV,2010,0.1634,0.02
Czechia,CZE,2010,0.1455,0.02
Italy,ITA,2010,0.1283,0.01
Poland,POL,2010,0.031,0.0
Russia,RUS,2009,184.1553,21.88
Norway,NOR,2009,92.142,10.95
Canada,CAN,2009,84.6312,10.06
Qatar,QAT,2009,67.4198,8.01
Algeria,DZA,2009,50.9501,6.05
Netherlands,NLD,2009,44.2939,5.26
Indonesia,IDN,2009,33.3007,3.96
Malaysia,MYS,2009,28.8436,3.43
United States,USA,2009,27.2661,3.24
Australia,AUS,2009,19.6759,2.34
Trinidad and Tobago,TTO,2009,18.3576,2.18
Egypt,EGY,2009,17.0696,2.03
Turkmenistan,TKM,2009,15.6907,1.86
Nigeria,NGA,2009,14.8894,1.77
Uzbekistan,UZB,2009,13.7568,1.63
United Kingdom,GBR,2009,11.6318,1.38
Germany,DEU,2009,10.8436,1.29
Oman,OMN,2009,10.4238,1.24
Kazakhstan,KAZ,2009,9.4052,1.12
Libya,LBY,2009,9.215,1.09
Bolivia,BOL,2009,9.1044,1.08
Brunei,BRN,2009,8.3028,0.99
Burma,MMR,2009,7.7758,0.92
United Arab Emirates,ARE,2009,6.5316,0.78
Timor-Leste,TLS,2009,6.159,0.73
Iran,IRN,2009,5.5634,0.66
Azerbaijan,AZE,2009,5.4135,0.64
Equatorial Guinea,GNQ,2009,4.3979,0.52
Denmark,DNK,2009,3.975,0.47
Belgium,BEL,2009,3.4069,0.4
China,CHN,2009,2.9824,0.35
Austria,AUT,2009,2.6183,0.31
Mozambique,MOZ,2009,2.4947,0.3
Ukraine,UKR,2009,2.3797,0.28
Colombia,COL,2009,1.4881,0.18
Spain,ESP,2009,1.0073,0.12
Argentina,ARG,2009,0.8184,0.1
Mexico,MEX,2009,0.7919,0.09
France,FRA,2009,0.7819,0.09
Turkiye,TUR,2009,0.6483,0.08
Yemen,YEM,2009,0.4055,0.05
Croatia,HRV,2009,0.3095,0.04
Italy,ITA,2009,0.1138,0.01
Hungary,HUN,2009,0.0736,0.01
Poland,POL,2009,0.0286,0.0
Czechia,CZE,2009,0.0251,0.0
Slovakia,SVK,2009,0.0142,0.0
Russia,RUS,2008,216.6694,23.92
Canada,CAN,2008,95.0354,10.49
Norway,NOR,2008,90.8055,10.02
Qatar,QAT,2008,56.1386,6.2
Algeria,DZA,2008,55.6001,6.14
Turkmenistan,TKM,2008,51.9916,5.74
Netherlands,NLD,2008,49.1572,5.43
Indonesia,IDN,2008,34.94,3.86
Malaysia,MYS,2008,28.7874,3.18
United States,USA,2008,24.4923,2.7
Nigeria,NGA,2008,19.1475,2.11
Australia,AUS,2008,17.4648,1.93
Trinidad and Tobago,TTO,2008,16.1443,1.78
Egypt,EGY,2008,15.7652,1.74
Uzbekistan,UZB,2008,13.5758,1.5
Germany,DEU,2008,12.306,1.36
Bolivia,BOL,2008,10.9643,1.21
United Kingdom,GBR,2008,10.8993,1.2
Oman,OMN,2008,9.8366,1.09
Libya,LBY,2008,9.6902,1.07
Brunei,BRN,2008,8.6703,0.96
Burma,MMR,2008,8.0197,0.89
United Arab Emirates,ARE,2008,7.0347,0.78
Timor-Leste,TLS,2008,6.1214,0.68
Denmark,DNK,2008,5.4782,0.6
Azerbaijan,AZE,2008,5.0128,0.55
Equatorial Guinea,GNQ,2008,4.1463,0.46
Iran,IRN,2008,3.8624,0.43
China,CHN,2008,3.1247,0.34
Mozambique,MOZ,2008,2.7215,0.3
Ukraine,UKR,2008,2.7196,0.3
Austria,AUT,2008,1.8056,0.2
Colombia,COL,2008,1.2401,0.14
Mexico,MEX,2008,1.2169,0.13
France,FRA,2008,0.9362,0.1
Argentina,ARG,2008,0.8835,0.1
Czechia,CZE,2008,0.8666,0.1
Kazakhstan,KAZ,2008,0.7945,0.09
Belgium,BEL,2008,0.676,0.07
Turkiye,TUR,2008,0.3983,0.04
Croatia,HRV,2008,0.2679,0.03
Italy,ITA,2008,0.1912,0.02
Slovakia,SVK,2008,0.1771,0.02
Spain,ESP,2008,0.043,0.0
Poland,POL,2008,0.0278,0.0
Hungary,HUN,2008,0.0194,0.0
Russia,RUS,2007,211.6749,24.4
Canada,CAN,2007,99.5749,11.48
Norway,NOR,2007,80.8257,9.32
Algeria,DZA,2007,55.1654,6.36
Turkmenistan,TKM,2007,48.8237,5.63
Netherlands,NLD,2007,44.3385,5.11
Qatar,QAT,2007,43.0086,4.96
Indonesia,IDN,2007,35.5899,4.1
Malaysia,MYS,2007,29.3871,3.39
United States,USA,2007,20.912,2.41
Nigeria,NGA,2007,20.4053,2.35
Australia,AUS,2007,18.3004,2.11
Trinidad and Tobago,TTO,2007,17.4462,2.01
Egypt,EGY,2007,14.7859,1.7
Uzbekistan,UZB,2007,13.3043,1.53
Germany,DEU,2007,12.7893,1.47
Oman,OMN,2007,11.9084,1.37
Bolivia,BOL,2007,10.769,1.24
United Kingdom,GBR,2007,9.8568,1.14
Libya,LBY,2007,9.2802,1.07
Brunei,BRN,2007,8.9356,1.03
Burma,MMR,2007,8.817,1.02
United Arab Emirates,ARE,2007,7.0999,0.82
Iran,IRN,2007,5.7889,0.67
Timor-Leste,TLS,2007,5.3223,0.61
Denmark,DNK,2007,4.4991,0.52
Ukraine,UKR,2007,2.6539,0.31
Austria,AUT,2007,2.5142,0.29
China,CHN,2007,2.5016,0.29
Argentina,ARG,2007,2.4086,0.28
Mozambique,MOZ,2007,2.2735,0.26
Equatorial Guinea,GNQ,2007,1.3316,0.15
Mexico,MEX,2007,1.3084,0.15
Azerbaijan,AZE,2007,1.1926,0.14
France,FRA,2007,1.0102,0.12
Kazakhstan,KAZ,2007,0.6356,0.07
Czechia,CZE,2007,0.3642,0.04
Croatia,HRV,2007,0.2797,0.03
Slovakia,SVK,2007,0.1698,0.02
Colombia,COL,2007,0.0827,0.01
Italy,ITA,2007,0.0619,0.01
Poland,POL,2007,0.0322,0.0
Turkiye,TUR,2007,0.0284,0.0
Hungary,HUN,2007,0.0179,0.0
Russia,RUS,2006,217.2263,25.59
Canada,CAN,2006,93.3162,10.99
Norway,NOR,2006,80.1958,9.45
Algeria,DZA,2006,61.7813,7.28
Netherlands,NLD,2006,43.5357,5.13
Turkmenistan,TKM,2006,43.1773,5.09
Indonesia,IDN,2006,33.1455,3.9
Qatar,QAT,2006,28.9681,3.41
Malaysia,MYS,2006,27.5785,3.25
United States,USA,2006,18.4076,2.17
Nigeria,NGA,2006,16.3802,1.93
Egypt,EGY,2006,15.7466,1.85
Australia,AUS,2006,15.3599,1.81
Trinidad and Tobago,TTO,2006,15.112,1.78
Ukraine,UKR,2006,13.6967,1.61
Germany,DEU,2006,12.6351,1.49
Oman,OMN,2006,12.0568,1.42
Uzbekistan,UZB,2006,11.4489,1.35
Bolivia,BOL,2006,10.0437,1.18
United Kingdom,GBR,2006,9.7308,1.15
Brunei,BRN,2006,9.1405,1.08
Burma,MMR,2006,8.4231,0.99
Libya,LBY,2006,7.9199,0.93
Kazakhstan,KAZ,2006,7.454,0.88
United Arab Emirates,ARE,2006,6.6154,0.78
Argentina,ARG,2006,5.71,0.67
Iran,IRN,2006,5.3472,0.63
Denmark,DNK,2006,5.2105,0.61
Timor-Leste,TLS,2006,3.9049,0.46
China,CHN,2006,2.7886,0.33
Austria,AUT,2006,2.4542,0.29
Mozambique,MOZ,2006,2.2642,0.27
France,FRA,2006,0.8153,0.1
Slovakia,SVK,2006,0.5747,0.07
Italy,ITA,2006,0.3359,0.04
Mexico,MEX,2006,0.3125,0.04
Czechia,CZE,2006,0.1046,0.01
Poland,POL,2006,0.0331,0.0
Hungary,HUN,2006,0.0043,0.0
Russia,RUS,2005,203.2565,25.16
Canada,CAN,2005,97.1265,12.02
Norway,NOR,2005,78.087,9.66
Algeria,DZA,2005,65.4621,8.1
Turkmenistan,TKM,2005,42.1151,5.21
Netherlands,NLD,2005,41.5437,5.14
Indonesia,IDN,2005,35.2019,4.36
Malaysia,MYS,2005,27.8784,3.45
Qatar,QAT,2005,25.2504,3.13
United States,USA,2005,18.5257,2.29
Germany,DEU,2005,16.5146,2.04
Trinidad and Tobago,TTO,2005,14.74,1.82
Australia,AUS,2005,13.9948,1.73
Ukraine,UKR,2005,13.8831,1.72
Nigeria,NGA,2005,11.2183,1.39
Uzbekistan,UZB,2005,10.4081,1.29
Oman,OMN,2005,9.8952,1.22
Bolivia,BOL,2005,9.5229,1.18
United Kingdom,GBR,2005,8.763,1.08
Brunei,BRN,2005,8.5255,1.06
Burma,MMR,2005,8.3105,1.03
Egypt,EGY,2005,7.7242,0.96
United Arab Emirates,ARE,2005,6.6527,0.82
Argentina,ARG,2005,6.4447,0.8
Denmark,DNK,2005,5.5656,0.69
Libya,LBY,2005,5.0967,0.63
Kazakhstan,KAZ,2005,4.6401,0.57
Iran,IRN,2005,4.0598,0.5
China,CHN,2005,2.855,0.35
Mozambique,MOZ,2005,1.938,0.24
Austria,AUT,2005,0.9746,0.12
France,FRA,2005,0.7905,0.1
Italy,ITA,2005,0.3605,0.04
Slovakia,SVK,2005,0.3524,0.04
Mexico,MEX,2005,0.2257,0.03
Czechia,CZE,2005,0.0724,0.01
Poland,POL,2005,0.0315,0.0
Russia,RUS,2004,186.6388,24.74
Canada,CAN,2004,96.016,12.73
Norway,NOR,2004,72.3628,9.59
Algeria,DZA,2004,61.0492,8.09
Netherlands,NLD,2004,42.6348,5.65
Turkmenistan,TKM,2004,39.1335,5.19
Indonesia,IDN,2004,37.171,4.93
Malaysia,MYS,2004,27.0538,3.59
Qatar,QAT,2004,22.4924,2.98
United States,USA,2004,21.7176,2.88
Ukraine,UKR,2004,13.2308,1.75
Trinidad and Tobago,TTO,2004,12.9638,1.72
Germany,DEU,2004,11.6742,1.55
Nigeria,NGA,2004,11.6282,1.54
Australia,AUS,2004,10.3924,1.38
Oman,OMN,2004,9.7927,1.3
United Kingdom,GBR,2004,9.2968,1.23
Brunei,BRN,2004,8.8516,1.17
Uzbekistan,UZB,2004,8.779,1.16
Bolivia,BOL,2004,7.3561,0.98
Argentina,ARG,2004,7.2259,0.96
Burma,MMR,2004,7.063,0.94
United Arab Emirates,ARE,2004,6.9695,0.92
Kazakhstan,KAZ,2004,6.5222,0.86
Denmark,DNK,2004,4.1011,0.54
Iran,IRN,2004,3.3455,0.44
China,CHN,2004,2.3472,0.31
Libya,LBY,2004,1.9846,0.26
Austria,AUT,2004,1.3527,0.18
Egypt,EGY,2004,1.0249,0.14
Mozambique,MOZ,2004,1.0156,0.13
France,FRA,2004,0.688,0.09
Italy,ITA,2004,0.3596,0.05
Czechia,CZE,2004,0.0738,0.01
Poland,POL,2004,0.0347,0.0
Slovakia,SVK,2004,0.001,0.0
Russia,RUS,2003,172.6365,24.92
Canada,CAN,2003,92.558,13.36
Norway,NOR,2003,66.9028,9.66
Algeria,DZA,2003,60.3571,8.71
Turkmenistan,TKM,2003,40.4379,5.84
Netherlands,NLD,2003,38.298,5.53
Indonesia,IDN,2003,38.0246,5.49
Malaysia,MYS,2003,23.0336,3.32
Qatar,QAT,2003,17.8803,2.58
United States,USA,2003,17.288,2.5
United Kingdom,GBR,2003,14.4196,2.08
Trinidad and Tobago,TTO,2003,11.0759,1.6
Nigeria,NGA,2003,10.9853,1.59
Germany,DEU,2003,10.4234,1.5
Australia,AUS,2003,10.268,1.48
Uzbekistan,UZB,2003,9.2315,1.33
Brunei,BRN,2003,9.01,1.3
Oman,OMN,2003,8.7678,1.27
Burma,MMR,2003,6.6503,0.96
United Arab Emirates,ARE,2003,6.6247,0.96
Kazakhstan,KAZ,2003,6.3359,0.91
Argentina,ARG,2003,6.0076,0.87
Bolivia,BOL,2003,4.6312,0.67
Iran,IRN,2003,3.308,0.48
Denmark,DNK,2003,2.8815,0.42
China,CHN,2003,1.7874,0.26
Austria,AUT,2003,0.9203,0.13
Libya,LBY,2003,0.6988,0.1
France,FRA,2003,0.6921,0.1
Italy,ITA,2003,0.3469,0.05
Egypt,EGY,2003,0.3261,0.05
Czechia,CZE,2003,0.0442,0.01
Poland,POL,2003,0.0335,0.0
Slovakia,SVK,2003,0.0038,0.0
Russia,RUS,2002,157.5961,24.49
Canada,CAN,2002,97.9806,15.22
Norway,NOR,2002,59.8671,9.3
Algeria,DZA,2002,59.0132,9.17
Netherlands,NLD,2002,41.8145,6.5
Turkmenistan,TKM,2002,39.1335,6.08
Indonesia,IDN,2002,34.7751,5.4
Malaysia,MYS,2002,20.1193,3.13
Qatar,QAT,2002,17.1349,2.66
United States,USA,2002,13.1129,2.04
United Kingdom,GBR,2002,12.3557,1.92
Uzbekistan,UZB,2002,10.1366,1.58
Australia,AUS,2002,9.4429,1.47
Brunei,BRN,2002,8.5535,1.33
Oman,OMN,2002,7.8826,1.22
Nigeria,NGA,2002,7.3049,1.14
United Arab Emirates,ARE,2002,6.662,1.04
Kazakhstan,KAZ,2002,5.9632,0.93
Germany,DEU,2002,5.8374,0.91
Burma,MMR,2002,5.8155,0.9
Argentina,ARG,2002,5.431,0.84
Trinidad and Tobago,TTO,2002,4.9474,0.77
Bolivia,BOL,2002,4.4453,0.69
Denmark,DNK,2002,3.3143,0.51
China,CHN,2002,2.4068,0.37
France,FRA,2002,0.6976,0.11
Iran,IRN,2002,0.6296,0.1
Libya,LBY,2002,0.587,0.09
Austria,AUT,2002,0.4776,0.07
Italy,ITA,2002,0.0473,0.01
Mexico,MEX,2002,0.0429,0.01
Poland,POL,2002,0.03,0.0
Czechia,CZE,2002,0.0008,0.0
Russia,RUS,2001,160.6042,25.83
Canada,CAN,2001,98.4444,15.83
Algeria,DZA,2001,58.6521,9.43
Norway,NOR,2001,48.4369,7.79
Netherlands,NLD,2001,39.404,6.34
Turkmenistan,TKM,2001,35.9655,5.78
Indonesia,IDN,2001,31.9232,5.13
Malaysia,MYS,2001,20.9908,3.38
Uzbekistan,UZB,2001,16.2004,2.61
Qatar,QAT,2001,15.4111,2.48
United Kingdom,GBR,2001,12.3197,1.98
United States,USA,2001,9.5005,1.53
Australia,AUS,2001,9.3565,1.5
Brunei,BRN,2001,8.3857,1.35
Nigeria,NGA,2001,8.0969,1.3
Oman,OMN,2001,7.1092,1.14
United Arab Emirates,ARE,2001,6.5968,1.06
Argentina,ARG,2001,5.5054,0.89
Germany,DEU,2001,5.3157,0.85
Burma,MMR,2001,4.0098,0.64
Kazakhstan,KAZ,2001,3.8202,0.61
Trinidad and Tobago,TTO,2001,3.6734,0.59
Bolivia,BOL,2001,3.5897,0.58
Denmark,DNK,2001,3.3919,0.55
China,CHN,2001,2.5322,0.41
Libya,LBY,2001,0.7361,0.12
France,FRA,2001,0.7018,0.11
Austria,AUT,2001,0.3676,0.06
Taiwan,TWN,2001,0.3649,0.06
Mexico,MEX,2001,0.2447,0.04
Iran,IRN,2001,0.1128,0.02
Italy,ITA,2001,0.0564,0.01
Poland,POL,2001,0.0291,0.0
Hungary,HUN,2001,0.0034,0.0
Russia,RUS,2000,167.5721,28.0
Canada,CAN,2000,91.9032,15.36
Algeria,DZA,2000,62.8645,10.5
Norway,NOR,2000,47.1388,7.88
Turkmenistan,TKM,2000,36.4314,6.09
Indonesia,IDN,2000,35.134,5.87
Netherlands,NLD,2000,32.9327,5.5
Malaysia,MYS,2000,20.7003,3.46
United Kingdom,GBR,2000,14.1459,2.36
Qatar,QAT,2000,13.0818,2.19
Uzbekistan,UZB,2000,12.3087,2.06
Australia,AUS,2000,9.8442,1.64
Brunei,BRN,2000,8.1901,1.37
United Arab Emirates,ARE,2000,6.4757,1.08
United States,USA,2000,6.1784,1.03
Nigeria,NGA,2000,5.3389,0.89
Germany,DEU,2000,4.2763,0.71
Argentina,ARG,2000,3.9059,0.65
Trinidad and Tobago,TTO,2000,3.6641,0.61
Kazakhstan,KAZ,2000,3.1679,0.53
Denmark,DNK,2000,3.0706,0.51
Oman,OMN,2000,2.6462,0.44
China,CHN,2000,2.5091,0.42
Bolivia,BOL,2000,1.9157,0.32
Burma,MMR,2000,1.2332,0.21
Libya,LBY,2000,0.7454,0.12
France,FRA,2000,0.6826,0.11
Mexico,MEX,2000,0.2284,0.04
Hungary,HUN,2000,0.0689,0.01
Italy,ITA,2000,0.0455,0.01
Poland,POL,2000,0.0289,0.0
Austria,AUT,2000,0.0161,0.0
Czechia,CZE,2000,0.0009,0.0
Russia,RUS,1999,182.0648,32.67
Canada,CAN,1999,86.5964,15.54
Algeria,DZA,1999,60.2969,10.82
Norway,NOR,1999,43.7617,7.85
Indonesia,IDN,1999,37.947,6.81
Netherlands,NLD,1999,30.2993,5.44
Malaysia,MYS,1999,20.4004,3.66
Turkmenistan,TKM,1999,15.5602,2.79
Uzbekistan,UZB,1999,13.8473,2.48
Australia,AUS,1999,9.7156,1.74
Brunei,BRN,1999,7.836,1.41
Qatar,QAT,1999,7.5472,1.35
United Kingdom,GBR,1999,7.3509,1.32
United Arab Emirates,ARE,1999,7.0068,1.26
Germany,DEU,1999,4.3687,0.78
United States,USA,1999,4.1427,0.74
Argentina,ARG,1999,3.1712,0.57
China,CHN,1999,3.1318,0.56
Denmark,DNK,1999,2.7252,0.49
Trinidad and Tobago,TTO,1999,2.0366,0.37
Kazakhstan,KAZ,1999,1.8635,0.33
Bolivia,BOL,1999,1.4601,0.26
Mexico,MEX,1999,1.3213,0.24
Libya,LBY,1999,0.8945,0.16
Nigeria,NGA,1999,0.6895,0.12
France,FRA,1999,0.6728,0.12
Oman,OMN,1999,0.4193,0.08
Burma,MMR,1999,0.0716,0.01
Italy,ITA,1999,0.0464,0.01
Poland,POL,1999,0.0284,0.01
Hungary,HUN,1999,0.0043,0.0
Russia,RUS,1998,178.5179,34.78
Canada,CAN,1998,81.2498,15.83
Algeria,DZA,1998,53.0557,10.34
Norway,NOR,1998,41.171,8.02
Indonesia,IDN,1998,35.328,6.88
Netherlands,NLD,1998,30.9199,6.02
Malaysia,MYS,1998,20.0443,3.91
Uzbekistan,UZB,1998,13.4853,2.63
Australia,AUS,1998,9.3814,1.83
Turkmenistan,TKM,1998,8.013,1.56
Brunei,BRN,1998,7.6031,1.48
United Arab Emirates,ARE,1998,6.6434,1.29
Qatar,QAT,1998,4.4631,0.87
United States,USA,1998,4.051,0.79
Germany,DEU,1998,3.3564,0.65
China,CHN,1998,2.837,0.55
United Kingdom,GBR,1998,2.776,0.54
Denmark,DNK,1998,2.7103,0.53
Kazakhstan,KAZ,1998,2.143,0.42
Bolivia,BOL,1998,2.0087,0.39
Argentina,ARG,1998,1.1532,0.22
Libya,LBY,1998,0.8479,0.17
France,FRA,1998,0.7282,0.14
Oman,OMN,1998,0.4193,0.08
Mexico,MEX,1998,0.3144,0.06
Italy,ITA,1998,0.0428,0.01
Poland,POL,1998,0.0289,0.01
Hungary,HUN,1998,0.0017,0.0
Czechia,CZE,1998,0.0008,0.0
Russia,RUS,1997,170.5622,34.07
Canada,CAN,1997,74.4655,14.88
Algeria,DZA,1997,48.8835,9.77
Norway,NOR,1997,41.6438,8.32
Indonesia,IDN,1997,34.2222,6.84
Netherlands,NLD,1997,33.7705,6.75
Malaysia,MYS,1997,20.3442,4.06
Turkmenistan,TKM,1997,19.4736,3.89
Australia,AUS,1997,9.1961,1.84
Brunei,BRN,1997,8.5239,1.7
United Arab Emirates,ARE,1997,7.277,1.45
Uzbekistan,UZB,1997,7.2404,1.45
United States,USA,1997,4.0,0.8
Germany,DEU,1997,3.0641,0.61
China,CHN,1997,3.0443,0.61
Denmark,DNK,1997,2.9576,0.59
Qatar,QAT,1997,2.6648,0.53
Kazakhstan,KAZ,1997,2.0498,0.41
United Kingdom,GBR,1997,1.7242,0.34
Bolivia,BOL,1997,1.7018,0.34
France,FRA,1997,1.2174,0.24
Libya,LBY,1997,1.0436,0.21
Argentina,ARG,1997,0.6231,0.12
Oman,OMN,1997,0.4659,0.09
Mexico,MEX,1997,0.3608,0.07
Italy,ITA,1997,0.0382,0.01
Poland,POL,1997,0.0279,0.01
Czechia,CZE,1997,0.0008,0.0
Russia,RUS,1996,176.4976,35.39
Canada,CAN,1996,72.7952,14.59
Algeria,DZA,1996,40.6693,8.15
Netherlands,NLD,1996,38.8209,7.78
Norway,NOR,1996,37.5905,7.54
Indonesia,IDN,1996,34.2222,6.86
Turkmenistan,TKM,1996,30.0023,6.02
Malaysia,MYS,1996,17.711,3.55
Australia,AUS,1996,9.3939,1.88
Brunei,BRN,1996,8.6574,1.74
Uzbekistan,UZB,1996,6.6974,1.34
United Arab Emirates,ARE,1996,6.662,1.34
United States,USA,1996,3.908,0.78
Germany,DEU,1996,2.8697,0.58
Kazakhstan,KAZ,1996,2.2363,0.45
China,CHN,1996,1.9275,0.39
Bolivia,BOL,1996,1.8971,0.38
Denmark,DNK,1996,1.8953,0.38
United Kingdom,GBR,1996,1.4525,0.29
Libya,LBY,1996,1.1181,0.22
France,FRA,1996,0.7347,0.15
Oman,OMN,1996,0.4659,0.09
Mexico,MEX,1996,0.3788,0.08
Iran,IRN,1996,0.094,0.02
Italy,ITA,1996,0.039,0.01
Poland,POL,1996,0.0292,0.01
Czechia,CZE,1996,0.0026,0.0
Russia,RUS,1995,172.4115,37.09
Canada,CAN,1995,71.9165,15.47
Algeria,DZA,1995,38.9484,8.38
Netherlands,NLD,1995,32.34,6.96
Indonesia,IDN,1995,32.3112,6.95
Norway,NOR,1995,27.5337,5.92
Turkmenistan,TKM,1995,25.623,5.51
Malaysia,MYS,1995,14.1969,3.05
Uzbekistan,UZB,1995,8.8696,1.91
Australia,AUS,1995,8.7995,1.89
Brunei,BRN,1995,8.606,1.85
United Arab Emirates,ARE,1995,6.5501,1.41
United States,USA,1995,3.9265,0.84
Germany,DEU,1995,2.6882,0.58
Kazakhstan,KAZ,1995,2.2363,0.48
Bolivia,BOL,1995,1.8254,0.39
Denmark,DNK,1995,1.663,0.36
Libya,LBY,1995,1.3883,0.3
United Kingdom,GBR,1995,0.9651,0.21
France,FRA,1995,0.6581,0.14
China,CHN,1995,0.5824,0.13
Oman,OMN,1995,0.4659,0.1
Mexico,MEX,1995,0.2195,0.05
Iran,IRN,1995,0.0939,0.02
Italy,ITA,1995,0.0338,0.01
Poland,POL,1995,0.0222,0.0
Austria,AUT,1995,0.0145,0.0
Czechia,CZE,1995,0.001,0.0
Russia,RUS,1994,164.9661,37.03
Canada,CAN,1994,65.7673,14.76
Indonesia,IDN,1994,34.096,7.65
Algeria,DZA,1994,33.194,7.45
Netherlands,NLD,1994,32.3487,7.26
Turkmenistan,TKM,1994,29.2569,6.57
Norway,NOR,1994,26.5747,5.97
Uzbekistan,UZB,1994,13.0072,2.92
Malaysia,MYS,1994,11.7042,2.63
Brunei,BRN,1994,7.9282,1.78
Australia,AUS,1994,7.3726,1.66
United States,USA,1994,4.1206,0.93
United Arab Emirates,ARE,1994,3.96,0.89
Kazakhstan,KAZ,1994,2.2363,0.5
Bolivia,BOL,1994,1.762,0.4
Denmark,DNK,1994,1.6669,0.37
Germany,DEU,1994,1.6097,0.36
Libya,LBY,1994,1.3791,0.31
United Kingdom,GBR,1994,0.8074,0.18
France,FRA,1994,0.6881,0.15
China,CHN,1994,0.5442,0.12
Mexico,MEX,1994,0.1958,0.04
Slovakia,SVK,1994,0.1184,0.03
Oman,OMN,1994,0.0931,0.02
Italy,ITA,1994,0.0295,0.01
Poland,POL,1994,0.0176,0.0
Russia,RUS,1993,161.1087,34.86
Canada,CAN,1993,57.0336,12.34
Turkmenistan,TKM,1993,56.5572,12.24
Algeria,DZA,1993,37.0794,8.02
Netherlands,NLD,1993,34.9416,7.56
Indonesia,IDN,1993,30.8465,6.68
Norway,NOR,1993,24.2844,5.26
Uzbekistan,UZB,1993,12.8264,2.78
Malaysia,MYS,1993,11.217,2.43
Brunei,BRN,1993,7.6715,1.66
Australia,AUS,1993,6.3528,1.37
Kazakhstan,KAZ,1993,6.3358,1.37
United Arab Emirates,ARE,1993,3.6734,0.79
United States,USA,1993,3.5891,0.78
Bolivia,BOL,1993,1.8421,0.4
Denmark,DNK,1993,1.6037,0.35
Libya,LBY,1993,1.4908,0.32
Germany,DEU,1993,1.4592,0.32
United Kingdom,GBR,1993,0.5727,0.12
France,FRA,1993,0.5366,0.12
China,CHN,1993,0.5041,0.11
Iran,IRN,1993,0.4699,0.1
Mexico,MEX,1993,0.0474,0.01
Italy,ITA,1993,0.0293,0.01
Poland,POL,1993,0.0113,0.0
Slovakia,SVK,1993,0.0112,0.0
Czechia,CZE,1993,0.0035,0.0
Russia,RUS,1992,174.4748,37.62
Canada,CAN,1992,52.3997,11.3
Turkmenistan,TKM,1992,49.5691,10.69
Algeria,DZA,1992,36.8903,7.95
Netherlands,NLD,1992,34.1476,7.36
Indonesia,IDN,1992,30.9631,6.68
Norway,NOR,1992,25.0185,5.39
Uzbekistan,UZB,1992,13.2781,2.86
Malaysia,MYS,1992,10.0801,2.17
Brunei,BRN,1992,7.2992,1.57
Kazakhstan,KAZ,1992,6.8018,1.47
United States,USA,1992,5.5483,1.2
Australia,AUS,1992,5.4675,1.18
United Arab Emirates,ARE,1992,3.1866,0.69
Bolivia,BOL,1992,1.9656,0.42
Libya,LBY,1992,1.7144,0.37
Denmark,DNK,1992,1.524,0.33
Germany,DEU,1992,1.2429,0.27
France,FRA,1992,1.0355,0.22
China,CHN,1992,0.4781,0.1
Tunisia,TUN,1992,0.2809,0.06
Georgia,GEO,1992,0.1863,0.04
Hungary,HUN,1992,0.1273,0.03
United Kingdom,GBR,1992,0.0518,0.01
Italy,ITA,1992,0.0261,0.01
Poland,POL,1992,0.002,0.0
Former U.S.S.R.,SUN,1991,95.5814,32.26
Canada,CAN,1991,43.0726,14.54
Algeria,DZA,1991,34.4337,11.62
Netherlands,NLD,1991,32.2342,10.88
Indonesia,IDN,1991,29.0836,9.82
Norway,NOR,1991,24.4287,8.25
Malaysia,MYS,1991,8.8642,2.99
Brunei,BRN,1991,7.1828,2.42
Australia,AUS,1991,4.568,1.54
United States,USA,1991,3.3286,1.12
United Arab Emirates,ARE,1991,3.3244,1.12
Iran,IRN,1991,2.8207,0.95
Bolivia,BOL,1991,1.9656,0.66
Libya,LBY,1991,1.4722,0.5
Denmark,DNK,1991,1.3885,0.47
Germany,DEU,1991,1.0351,0.35
France,FRA,1991,0.4994,0.17
Tunisia,TUN,1991,0.4845,0.16
China,CHN,1991,0.4264,0.14
Italy,ITA,1991,0.0255,0.01
Former Czechoslovakia,CSK,1991,0.0245,0.01
Hungary,HUN,1991,0.0068,0.0
Former U.S.S.R.,SUN,1990,101.7385,35.68
Canada,CAN,1990,36.7177,12.88
Algeria,DZA,1990,32.2035,11.29
Netherlands,NLD,1990,28.6787,10.06
Indonesia,IDN,1990,26.9434,9.45
Norway,NOR,1990,24.6335,8.64
Brunei,BRN,1990,8.1987,2.88
Malaysia,MYS,1990,7.9917,2.8
United Arab Emirates,ARE,1990,3.0869,1.08
Australia,AUS,1990,2.681,0.94
United States,USA,1990,2.195,0.77
Bolivia,BOL,1990,2.1924,0.77
Iraq,IRQ,1990,1.8732,0.66
Iran,IRN,1990,1.4096,0.49
Libya,LBY,1990,1.1873,0.42
Denmark,DNK,1990,1.0275,0.36
Afghanistan,AFG,1990,0.9554,0.34
Former Czechoslovakia,CSK,1990,0.6591,0.23
China,CHN,1990,0.3953,0.14
France,FRA,1990,0.3323,0.12
Italy,ITA,1990,0.0255,0.01
Hungary,HUN,1990,0.0246,0.01
United States,USA,1989,2.7443,100.0
United States,USA,1988,1.889,100.0
United States,USA,1987,1.3763,100.0
United States,USA,1986,1.5564,100.0
United States,USA,1985,1.4081,100.0
United States,USA,1984,1.3935,100.0
United States,USA,1983,1.3906,100.0
United States,USA,1982,1.3179,100.0
United States,USA,1981,1.5126,100.0
United States,USA,1980,1.244,100.0
